disease,concept_id
(Acute conjunctivitis) or (Newcastle's disease) or (viral pharyngoconjunctivitis) or (pink eye) or (sticky eye),40352366
(Acute conjunctivitis) or (Newcastle's disease) or (viral pharyngoconjunctivitis) or (pink eye) or (sticky eye),40322893
(Acute erythremia+erythroleukemia) or( Di Guglielmo's dis),40387119
(Agranulocytosis) or (Kostmann's syndrome) or (neutropenia),40390876
(Anemia: [iron deficiency] or [microcytic]) or (Kelly-Paterson syndrome) or (Plummer-Vinson syndrome),40351339
(Anemia: [iron deficiency] or [microcytic]) or (Kelly-Paterson syndrome) or (Plummer-Vinson syndrome),40321261
(Anomalous A-V excitation) or (Wolff-Parkinson-White syndrome),40323924
(Anomalous A-V excitation) or (Wolff-Parkinson-White syndrome),40345195
(Athetoid cerebral palsy) or (Vogt's disease: [ophthalmological] or [neurological]),40390522
(Becker's disease) or (obscure African cardiomyopathy),40399391
(Bilateral renal hypoplasia) or (Potter's syndrome),40406166
(Bone/cartilage disorder NOS) or (costochrondritis) or (Tietze's syndrome),40321870
(Bone/cartilage disorder NOS) or (costochrondritis) or (Tietze's syndrome),40353979
(Celiac: [disease] or [rickets]) or (Gee-Herter disease),40394273
(Chancroid [& bubo]) or (Ducrey's chancre),40377643
(Chronic erythremia) or (Heilmeyer - Schoner disease),40387120
(Congenital heart anomaly NOS) or (Chiari's malformation),40404055
(Congenital kyphosis) or (Piere-Robin syndrome),40355006
(Congenital kyphosis) or (Piere-Robin syndrome),40321937
(Congenital limb deformity NOS) or (pes cavus) or (claw toe) or (dysmorphic toes) or (Larsen's syndrome),40322443
(Congenital limb deformity NOS) or (pes cavus) or (claw toe) or (dysmorphic toes) or (Larsen's syndrome),40355039
(Crohn's colitis) or (Crohn's disease of the large bowel NOS),40392446
(Cryptococcosis [& European]) or (torula) or (Busse Buschkes disease),40378597
(Functional disorders of polymorphonuclear neutrophils) or (Job's syndrome) or (lipochrome histiocytosis - familial),40390893
(Granuloma inguinale) or (donovanosis) or (pudendal ulcer),40377645
(Heberdens' nodes) or (Bouchards' nodes) or (generalized osteoarthritis of the hand),40400248
(Hemoglobinuria: [March]) or (Marchiafava-Micheli syndrome),40390392
(Hyperchylomicronemia) or (Burger-Grute syndrome) or (Fredrickson lipemia type: [I] or [V]),40388600
(Hysterical aphonia) or (hysterical ataxia) or (Ganser's syndrome) or (hysteria NOS),40385107
(Juvenile osteochondritis leg/foot) or (Osgood schlatter's disease) or (Sever's disease),40321839
(Juvenile osteochondritis leg/foot) or (Osgood schlatter's disease) or (Sever's disease),40353973
(Juvenile osteochondritis of the iliac crest) or (Buchanan's disease),40399783
(Lipidoses) or (Anderson's disease) or (Fabry's disease) or (pseudo-Hurler's disease),40388612
(Lipodystrophy) or (Barraquer - Simons disease),40388608
(Mandibulofacial dysostosis) or (Franceschetti syndrome),40400986
(Mixed hyperlipidemia) or (Fredrickson lipidemia type: [IIb] or [III]) or (xanthoma tuberosum),40388598
(Mucopolysaccharidosis: (& [gargoylism]/[Hunter][Hurler]/[lipochondrodyst]/[Maroteaux-Lamy]/[Morquio-Brailsford]/[osteochondrodystrophy]/[Sanfilippo]/[Scheie]) or (dysostos multi),40389118
(Multi enchondromata) or (enchondromat) or (Ollier dis) or (chondrodysplas) or (chondrodystophy NEC) or (hypochondroplas) or (osteopath striata) or (pseudochondroplas) or (dyschondroplas),40401405
(Myoclonus NOS) or (Unverricht-Lundborg disease) or (myoclonic seizure),40390514
(Nodular lymphoma: Brill-Symmers disease) or (reticulosarcoma - follicular or nodular),40386236
(Osteochondritis of the symphysis pubis (& [juvenile]) or (Pierson's disease),40399784
(Osteogenesis imperfecta) or (Vrolik's disease) or (syndromes: [Adair-Dighton] or [Lobstein's] or [Van der Hoeve's]),40401431
(Osteomyelitis: [chronic] or [Garre's sclerosing]) or (Brodie's abscess) or (sequestrum of bone),40406026
(Other absent muscle) or (muscle agenesis) or (Orbinsky syndrome),40401468
(Other amino acid/carbohydrate) or (albinism) or (cystinuria) or (glucose-6-phosphate dehydrogenase deficiency) or (galactosemia) or (glycogen storage disease) or (Von Gierke's disease),40321207
(Other amino acid/carbohydrate) or (albinism) or (cystinuria) or (glucose-6-phosphate dehydrogenase deficiency) or (galactosemia) or (glycogen storage disease) or (Von Gierke's disease),40351277
(Other disorders of metabolism) or (eosinophilic granulomatosis) or (Hand-Schuller-Christian syndrome),40321246
(Other disorders of metabolism) or (eosinophilic granulomatosis) or (Hand-Schuller-Christian syndrome),40351291
(Other specified anomalies NOS) or (Cockayne's syndrome) or (local gigantism NEC),40402863
(Other venereal/spirochete disease) or (Reiter's syndrome),40345093
(Other venereal/spirochete disease) or (Reiter's syndrome),40319651
(Panniculitis of unspecified site) or (Weber-Christian disease),40405641
(Perthes' disease) or (Coxa plana),40399781
(Polycystic ovaries) or (Stein-Leventhal syndrome),40321181
(Polycystic ovaries) or (Stein-Leventhal syndrome),40357359
(Punctate keratitis [& Thygeson's superficial] ) or (keratitic precipitates),40386520
(Rachischisis) or (syringomyelocele) or (Billroth's disease) or (congenital hernia of dura mater) or (spina bifida without mention of hydrocephalus NOS),40402717
(Rheumatoid lung) or (Caplan's syndrome) or (fibrosing alveolitis associated with rheumatoid arthritis),40400239
(Rupture of synovium - knee) or (Bakers' cyst),40353943
(Rupture of synovium - knee) or (Bakers' cyst),40321302
(Sandifer's syndrome) or (unspecified diaphragmatic hernia),40392368
(Sawyer-Jones syndrome) or (other emphysema NOS),40395871
(Spine anomaly - congenital) or (hemivertebra) or (Klippel-Feil syndrome) or (spina bifida occulta) or (spondylolisthesis),40322456
(Spine anomaly - congenital) or (hemivertebra) or (Klippel-Feil syndrome) or (spina bifida occulta) or (spondylolisthesis),40355045
(Stye &/or [hordeolum]) or (cellulitis eyelid) or (meibomian cyst),40352368
(Stye &/or [hordeolum]) or (cellulitis eyelid) or (meibomian cyst),40322904
(Synovitis/tenosynovitis - wrist) or (de Quervain's tenosynovitis),40353939
(Synovitis/tenosynovitis - wrist) or (de Quervain's tenosynovitis),40320884
(Thrombocytopenia: [primary] or [idopathic purpuric] or [idiopathic] or [purpuric]) or (Evan's syndrome),40390494
(Trachea carcinoma) or (Pancoast's tumor) or (Ca trachea),40352544
(Trachea carcinoma) or (Pancoast's tumor) or (Ca trachea),40320187
(Werner's syndrome) or (other specified endocrine disorder NOS),40387704
"3-methylglutaconic aciduria type IV with sensorineural deafness, encephalopathy and Leigh-like syndrome",46272952
ACTH-dependent Cushing's syndrome,4030205
AIDS with Burkitt's tumor,40638817
AIDS with Nocardia infection,40641147
Aarskog syndrome,4032940
Aarskog syndrome,40402837
Aase Smith type 1 syndrome,36713652
Aase syndrome,4217370
Abruzzo Erickson syndrome,36713651
Abscess of Cowper's gland,4062267
Abscess of Rutherford Morison pouch,4341775
Abscess of pouch of Douglas,4245384
Achard-Thiers syndrome,4144990
Achilles tendinitis,77963
Achilles tendinopathy,44810551
Achilles tenosynovitis,4001475
Ackerman syndrome,36716313
Acquired Heinz body anemia,4088386
Acquired Horner syndrome,36715779
Acquired monoclonal immunoglobulin light chain-associated Fanconi syndrome,37110066
Acquired nevus of Ota,37016145
Acquired parafimbrial cyst of fallopian tube,36715510
Acquired von Willebrand syndrome,40613158
Acrofacial dysostosis Catania type,36714978
Acrofacial dysostosis Palagonia type,36714980
Acrofacial dysostosis Rodriguez type,36714981
Acute Chagas' disease,4082034
Adams-Oliver syndrome,4147430
Addison melanoderma,4091155
Addison's disease,443394
Addison's disease,40275348
"Addison's disease, NOS",40547264
Addisonian crisis,40387319
Addisonian crisis,40438556
Adducted thumbs and arthrogryposis syndrome Christian type,36717390
Adenocarcinoma of Meckel diverticulum,3654656
Adie's pupil,40287114
Adrenal disorders: [other] or [Conn's syndrome] or [hyperaldosteronism] or [Waterhouse-Friderichen],40351262
Adrenal disorders: [other] or [Conn's syndrome] or [hyperaldosteronism] or [Waterhouse-Friderichen],40321175
Adson's sign,4195241
Adult Kienbocks disease of left lunate,761360
Aganglionosis of Auerbach's plexus,4231315
Ahlfeld's sign,4253924
Aicardi Goutieres syndrome,4046096
Aicardi Goutieres syndrome,40390176
Aicardi's syndrome,4216211
Akinetic-rigid form of Huntington's disease,4046095
Alajouanine's syndrome,4274480
Albinism-deafness syndrome of Tietz,4301399
Albright hereditary osteodystrophy,40287120
Albright's renal tubular acidosis,4059451
Alders syndrome,4122941
Alexander's disease,4218753
Alezzandrini syndrome,4222433
Allan-Herndon-Dudley syndrome,45773358
Allemann's syndrome,4324399
Allgrove syndrome,3529671
"Alopecia, epilepsy, intellectual disability syndrome Moynahan type",37312387
Alport syndrome,36674698
Alport syndrome-like hereditary nephritis,4128065
Alport's syndrome,40402857
Alport's syndrome,40322426
Alport's syndrome,40395113
Alstrom syndrome,4270189
Altered behavior in Huntington's dementia,44784620
Alzheimer's disease,378419
American cutaneous leishmaniasis (& [Chiclero ulcer]),40377120
"Amyotrophic lateral sclerosis, parkinsonism, dementia complex",3654598
Ander's disease,40599947
Andermann syndrome,45765489
Andersen Tawil syndrome,4224848
Andersen Tawil syndrome,3571644
Andrade type amyloid polyneuropathy,40569184
Angelman syndrome,4296631
Antenatal screening shows lower risk of Edwards' and Patau's syndromes,35609143
Anterior corneal pigmentations (& Stahli's lines),40386563
Anterior deviation of infundibular septum of Fallot type,40490939
Anterior pituitary hyperfunction: (other) or (Forbes-Albright syndrome),40387253
Antley-Bixler syndrome,4267738
Anton's syndrome,4308294
Apert's syndrome,4273081
Aphakia - Soemmering's ring,4088108
Aplasia cutis in Chromosome 4 short-arm deletion syndrome (Wolf-Hirschhorn),4301294
Aqueduct of Sylvius anomaly,40354005
Aqueduct of Sylvius anomaly,4103313
Armanni-Ebstein kidney,4007943
Armanni-Ebstein kidney,37311454
Arnold Chiari type 2 without hydrocephalus,43530709
Arnold's nerve reflex cough syndrome,4183297
Arthrochalasia Ehlers-Danlos syndrome,4205583
Arthus type urticaria,132772
Arts syndrome,45765490
Ascher's syndrome,4102620
Aschoff-Rokitansky sinuses,4329731
Asherman syndrome,4170219
Ask-Upmark kidney,4264306
Asperger syndrome,40389267
Asperger syndrome,40321774
Asperger's disorder,4053178
Astley-Kendall dysplasia,4305569
Atkin Flaitz syndrome,36713653
Atrioventricular septal defect associated with tetralogy of Fallot,40487550
Atrioventricular septal defect associated with tetralogy of Fallot,3543114
Atypical Norrie disease due to monosomy Xp11.3,37116744
Auspitz's sign,4284135
Autonomic neuropathy due to Fabry disease,3654627
Autonomic neuropathy due to Refsum Disease,3654654
Autosomal recessive secondary polycythemia not associated with VHL (Von Hippel Lindau) gene,37204848
Autosomal recessive spondylometaphyseal dysplasia Megarbane type,37204242
Avery's syndrome,40362562
Axenfeld anomaly,4070188
Axenfeld's anomaly,40392742
Axenfeld-Rieger syndrome,4219413
Ayerza's syndrome,4193236
B-K mole (nevus) syndrome,4112850
B-K mole (nevus) syndrome,40612663
B-cell Hodgkin's lymphoma,35610328
BCG granuloma,4031473
BRESEK syndrome,36713570
Babesiosis,40379169
Babesiosis,439730
Babinski-Nageotte syndrome,4164586
Bagassosis,437588
Bailey-Cushing syndrome,4243834
Balint syndrome,35622965
Ballard syndrome,36716327
Baller-Gerold syndrome,4300851
Balo concentric sclerosis,40390615
Balo concentric sclerosis,4046110
Balo's concentric sclerosis,40491486
Bamforth Lazarus syndrome,36716385
Banki syndrome,37116395
Bannayan syndrome,4124993
Bannayan syndrome,40402821
Bannayan syndrome,40443466
Bannwarth syndrome,4169249
Baraitser-Winter syndrome,45765464
Barany's sign,4196069
Barber-Say syndrome,4252383
Bard-Pic syndrome,4260663
Bardet-Biedl syndrome,4209284
Barkan membrane,4090511
Barlow test - finding,4273442
Barrett's esophagus,443344
Barrett's esophagus,40317049
Barrett's esophagus,40629511
Barrett's ulcer of esophagus,4025500
Barretts esophagus with dysplasia,46269823
Bartholin's adenitis,40443481
Bartholinitis,4238695
Barton's fracture,4183283
Bartonellosis,440330
Bartonellosis,40339163
Bartter syndrome,45769152
Bartter syndrome antenatal type 2,45763663
Basal cell carcinoma recurrent following Mohs' excision,4299425
Basan syndrome,4033064
Basedow's disease,4279396
Battey disease,4189300
Battey disease,40298689
Beals auriculo-osteodysplasia syndrome,4172755
Beau's line,40397259
Beau's lines,4185564
Becker muscular dystrophy,40274880
Becker muscular dystrophy,4308668
Becker's muscular dystrophy,40294925
Becker's nevus,40396894
Beckwith-Wiedemann syndrome,4305179
Bednar's aphthae,4001157
Beemer Ertbruggen syndrome,36713499
Beevor's sign,4247540
Behavioral disturbance co-occurrent and due to late onset Alzheimer dementia,37117145
Behcet disease of eye,606384
Behcet's colitis,4340260
Behcet's disease,40320119
Behcet's syndrome,436642
Behr syndrome,37397556
Behçet's syndrome,40585629
Bell's palsy,374923
Bell's palsy,40633483
Bell's phenomenon,4263600
Bells palsy of left side of face,760892
Bence-Jones proteinuria,4168230
Benedikt's syndrome,4215954
Benign Rolandic epilepsy,4185733
Bennett's fracture,4189553
Berardinelli lipodystrophy syndrome,40432524
Berger's IgA or IgG nephropathy,4056468
Berger's paresthesia,4317970
Bergeron's chorea,4029495
Beriberi,434620
Beriberi,40387741
Berlin syndrome,4034563
Bernard Soulier syndrome,4185078
Bernheim's syndrome,4030258
Bertolotti's syndrome,4313439
Bertolotti's syndrome,40514644
Besnier's prurigo,4066727
Bickerstaff's brainstem encephalitis,4141686
Biemond syndrome type 2,36713523
Biemond's syndrome,4118414
Biermer's congenital pernicious anemia,4122926
Biers spots,4081104
Bietti's crystalline retinopathy,4208203
Bilateral Osgood-Schlatter disease,37108992
Bilateral Purtscher retinopathy of eyes,3662316
Binder syndrome,37396243
Bing-Neel syndrome,4298957
Binswanger's disease,40565502
Birnbaum's syndrome,4164139
Birt Hogg Dube syndrome,3526079
Birt Hogg Dubé syndrome,37166981
Birth: [brachial plexus injury] or [Erb's palsy] or [Klumpke's palsy],40322967
Birth: [brachial plexus injury] or [Erb's palsy] or [Klumpke's palsy],40357681
Bitot's spots,4087937
Bjerrum scotoma,4170043
Blau syndrome,37311774
"Blepharophimosis, intellectual disability syndrome, Verloes type",36680587
Blomstrand dysplasia,4190688
Bloom syndrome,4185900
Blount disease,619009
Blount's disease,40399804
Blount's disease,40399806
Bochdalek hernia,40438895
Boder syndrome,37396384
Bohn's nodule,4211487
Bohring Opitz syndrome,36717129
Boichis syndrome,37397143
Bolt's sign,4216715
Bone dysplasia Azouz type,36717397
Bone dysplasia lethal Holmgren type,37115761
Bonnevie-Ullrich syndrome NOS,3542205
Bonnevie-Ullrich syndrome NOS,4110272
Book syndrome,36716325
Bordetella bronchiseptica (& infection),40383299
Bordetella parapertussis (& infection),40383297
Bordetella pertussis (& infection),40383296
Borg Breathlessness Score: 2 slight,4223033
Borg Breathlessness Score: 2 slight,3522565
Borjeson-Forssman-Lehmann syndrome,4065596
Borna disease,40631458
Borrelia infection of central nervous system,4249130
Borries' syndrome,4059250
Bosley Salih Alorainy syndrome,36715086
Bouchard's disease,4302734
Bouchard's node,4066493
Bouchard's nodes with arthropathy,40400250
Boucher Neuhäuser syndrome,37399488
Bouveret-Hoffmann syndrome,40392259
"Bowen's disease, clonal",4295621
Bowen-Conradi syndrome,46272737
Bowenoid papulosis,4291604
Bowenoid papulosis,3521558
Bowman's membrane finding,4087966
Brachydactyly with syndactyly Zhao type,36715091
Brachyolmia - Hobaek type,4190587
Brachyolmia - Maroteaux type,4305417
Brachyolmia type 1 Toledo type,37396012
"Brachytelephalangy, facial dysmorphism, Kallmann syndrome",36717398
Braddock syndrome,36715093
Bragard test finding,4278596
Bragard's sign,4215947
Brain calcification Rajab type,36715094
Braun von Fernwald's sign,4014621
Bregeat's syndrome,4116060
Brenner tumor of ovary,4112860
Bright's disease,4030512
Brill-Zinsser disease,433145
Briquet's disorder,40649381
Briquet's syndrome,4216772
Brisket disease,4174832
Brittle cornea syndrome,36714021
Broca's dysphasia,4042719
Brock-Suckow polyposis syndrome,4339386
Brocq's neurodermatitis,40395764
Brocq's neurodermatitis,4031135
Brodie's abscess,4272006
Brodie's abscess,40406095
Brooke-Spiegler syndrome,45766385
Brown's tendon sheath syndrome,76122
Brown-McLean Syndrome,4303969
Brown-Séquard syndrome,4101563
Brown-Vialetto-Van Laere syndrome,44783873
Brucella abortus (& [infection]),40382844
Brucella canis (& [infection]),40382846
Brucella infection of the central nervous system,4231975
Brucella melitensis (& [infection]),40382843
Brucella suis (& [infection]),40382845
Brucellosis,40319548
Brucellosis,441497
Brucellosis NOS,3520780
Brucellosis NOS,4091309
Bruck syndrome,4109978
Brudzinski's sign,4219611
Brugada syndrome,3527810
Brugada syndrome,4303408
Brugsch's syndrome,4006954
Brunner syndrome,37397546
Brunner's gland adenoma,4203439
Bruns' syndrome,4197287
Brunsting-Perry type cicatricial pemphigoid,4299404
Brushfield spots,4294866
Bryant's sign,4300430
Budd-Chiari syndrome,196715
Burkitt lymphoma co-occurrent with human immunodeficiency virus infection,37017595
Burkitt's lymphoma,40320648
Burkitt's lymphoma NOS,3532354
Burkitt's lymphoma NOS,4097562
Busacca nodules,4094014
Béclard's hernia,4165212
Caisson disease,40480819
Calkin's sign,4320947
Calve's vertebral osteochondrosis,4002996
Campomelia Cumming type,36715112
Cantu's syndrome,4034647
Capgras' syndrome,4261352
Capra DeMarco syndrome,36715271
Carbon monoxide-induced parkinsonism,4046092
Cardiocranial syndrome Pfeiffer type,36717401
Carey Fineman Ziter syndrome,3566913
Carney Stratakis syndrome,36716386
Carney complex,37116686
"Carney complex, trismus, pseudocamptodactyly syndrome",35624230
Carney triad,37116687
Caroli disease,37397179
Caroli syndrome,37165048
Carpenter Waziri syndrome,36714025
Carpenter syndrome,4253673
Carpenter's syndrome,4007585
Carrion's disease,40442617
Castleman disease,4118225
"Castleman's superficial pseudotumor, involving skin",4290834
Catel Manzke syndrome,36716391
Celiac disease,194992
Celiac disease,40440962
Cenani Lenz syndrome,36715137
Cerebral degeneration in Hunter's disease,4104701
Cerebrovascular abnormality due to Takayasu disease,3654617
Cervicitis with Nabothian cyst,4061209
Chadwick's sign,4211640
Chagas' exanthem,4080614
Chagas' mega disease,4082036
Chagoma,4080440
Chance flexion distraction fracture of vertebra,43021792
Chandler iris nevus syndrome,40436278
Chandler's syndrome,40576426
Char syndrome,45771354
Charcot arthropathy of ankle,44810547
Charcot's arthropathy,4234127
Charcot's arthropathy,40625956
Charcot's arthropathy,40439666
Charcot's joint of foot,4205084
Charcot-Marie-Tooth Neuropathy Type 4,764821
Charcot-Marie-Tooth disease,381285
Charles Bonnet syndrome,4103748
Charles Bonnet syndrome,40571999
Charlie M syndrome,37116357
Chastek paralysis,4163132
Chaussier's sign,4029950
Chediak-Higashi syndrome,40388140
Chediak-Higashi syndrome,40288716
Cheilitis granulomatosa of Miescher-Melkersson-Rosenthal,4070283
Cheilitis granulomatosa of Miescher-Melkersson-Rosenthal,40454858
Cheshire cat syndrome,4196177
Chester-type porphyria,4224956
Cheyletiella dermatitis,4085108
Cheyne-Stokes respiration,313324
Cheyne-Stokes respiration,40288737
Chiari malformation,4099094
Chiari's network,4093290
Chicago disease,40385885
Chiclero's ulcer,40443207
Chignon,4116330
Child-Pugh score class C,46271813
Chilomastix mesnili infection,4345695
Chondrodysplasia punctata Toriello type,37398932
"Chondrodysplasia punctata, Conradi-Hünermann type",40432093
"Chondrodysplasia punctata, Conradi-Hünermann type",4160748
Chorea co-occurrent and due to Wilson disease,37110503
Christianson syndrome,45765420
Chronic bancroftian lymphadenitis,4119770
Chronic coalescent cutaneous lobomycosis,4081387
Chronic non-neuropathic Gaucher's disease,4265894
Chronic thyroiditis (& [Hashimoto's disease]),40320743
Chronic thyroiditis (& [Hashimoto's disease]),40350830
Chudley Lowry Hoar syndrome,36717040
Chudley McCullough syndrome,36676665
Churg-Strauss vasculitis,40393253
Chvostek sign,4259131
Chédiak-Higashi syndrome,4006317
Classical Hodgkin lymphoma,42538850
"Classical galactosemia, homozygous Duarte-type",4032079
Claude's syndrome,4337830
Clinical syndrome due to Escherichia coli O157 infection,44813566
Cloquet's hernia,4294833
Closed Salter-Harris type IV fracture of distal femur,4325184
Closed Salter-Harris type V fracture of distal femur,4177203
"Closed fracture proximal femur, subcapital, Garden grade I",4009607
Closed spina bifida with Arnold-Chiari malformation,4100563
Clostridium (& [perfringens] or [welchii]: [infection] or [gas gangrene],40383361
Clostridium sordellii: [infection] or [gas gangrene],40383364
Clutton's joints,4000061
Coats' disease,4232976
Coats' disease,40384725
Coats' white ring,4081000
Cobb's syndrome,4112768
Cockayne syndrome,4052211
Coeliac disease,40317606
Coeliac disease,40346344
Coffin-Lowry syndrome,4035173
Coffin-Siris syndrome,4002097
Cogan's syndrome,4233620
Cogan's syndrome,40435653
Cogan's syndrome,40345891
Cogan-Reese syndrome,4228180
Cohen syndrome,3545639
Cohen syndrome,4208854
Cold Donath Landsteiner type autoimmune hemolytic anemia,40390393
Cole disease,46272738
Cole-Carpenter dysplasia,4305428
Colles' fracture,40323502
Colles' fracture,4047787
Collet-Sicard syndrome,4136977
Collier's stripes,4033665
Concato's disease,40399335
Concato's disease,4242231
"Congenital dysmegakaryopoietic thrombocytopenia, Paris Trousseau type",4207877
Congenital interstitial cell of Cajal hyperplasia with neuronal intestinal dysplasia,608196
Congenital lethal myopathy Compton North type,36676429
Congenital limb deformities (& [Madelung's wrist]),40322432
Congenital limb deformities (& [Madelung's wrist]),40355032
Congenital multiple enchondromata with hemangioma (& [Kast's syndrome]),40401406
Congenital muscular dystrophy Paradas type,37110894
Congenital subglottic stenosis Cotton-Myer grade 1,619231
Congenital subglottic stenosis Cotton-Myer grade 3,619202
Conradi-Hunermann syndrome,40460674
Cooks syndrome,36717415
Coombs negative hemolytic anemia,4008273
Cooper Jabs syndrome,36715217
Cooper's hernia,4218073
Cormack and Lehane grade 4,4166735
Corvisart's facies,4193639
Costello syndrome,40402831
Costello syndrome,4149919
Costen's syndrome,40397963
Cotard syndrome,40587857
Cotard's syndrome,4233990
Courvoisier's sign,4002855
Courvoisier-Terrier syndrome,40488634
Courvoisier-Terrier syndrome,4231766
Cowden syndrome,4240212
Crandall's syndrome,4175543
Crane Heise syndrome,37396249
Craniosynostosis Herrmann Opitz type,35622284
Creutzfeldt-Jakob disease,40322781
Creutzfeldt-Jakob disease,372241
Crigler-Najjar syndrome,4151846
Crisponi syndrome,37110742
Crohn disease of appendix,37116446
Crohn's disease,201606
Crohn's stricture of colon,4131542
Crome syndrome,36716390
Cronkhite-Canada syndrome,4296309
Cross syndrome,4072144
Crouzon syndrome,4103387
Cruveilhier-Baumgarten syndrome,4163687
Cryptococcus gattii infection,37399474
Cullen's sign,4148697
Curling's ulcer of stomach,36683388
Curling's ulcers,4217281
Currarino triad,4185325
Curry Jones syndrome,36715274
Curry-Hall syndrome,4174141
Cushing phenomenon,43531127
Cushing ulcer,4126437
Cushing's syndrome,40321171
Cushing's syndrome NOS,3536381
Cushing's syndrome NOS,4099787
Cushingoid facies,4195232
Cutaneous Munchausen syndrome,4299969
Cutaneous complication of BCG immunization,4031472
Cutaneous glanders,4112870
Cutaneous glanders,40541068
Cutis gyrata syndrome of Beare and Stevenson,45773093
Cyriax's syndrome,40647369
Cyst of Bartholin's gland,40318134
Cyst of Bartholin's gland,40359995
Cyst of Skene's duct,36717631
Cyst of Wolffian duct,4005944
Cyst of gland of Zeis,4333985
Cystine storage disease (& [Fanconi-de-Toni syndrome]),40388126
Dandy-Walker syndrome,4031189
Danforth's sign,4049268
Danon disease,4167868
Darier disease,4174992
Darier's disease,40443193
Darier's disease,40401902
Darwin's tubercle,4106877
Darwin's tubercle,40403632
Dawbarn's sign,4292080
De Lange syndrome,4227105
De Quervain's thyroiditis,40437580
De Sanctis-Cacchione syndrome,4189477
De Sanctis-Cacchione syndrome,40461263
De Vaal's syndrome,4232037
DeSanctis-Cacchione syndrome,40273862
Deafness and intellectual disability Martin Probst type syndrome,36715416
Decreased Bohr effect,4069791
Degos-Touraine syndrome,4033365
Dejerine-Thomas syndrome,40390174
Delivery method (& [abnormal] or [cesarean section (& lower segment - diag)] or [forceps]),40319227
Delivery method (& [abnormal] or [cesarean section (& lower segment - diag)] or [forceps]),40358595
Delta-beta-Lepore thalassemia,4122930
Dementia due to Huntington chorea,40483103
Dementia of the Alzheimer type with behavioral disturbance,43530664
Demianoff's sign,4220276
Demyelination of central nervous system co-occurrent and due to Sjogren disease,37110518
Dent disease type 1,36713455
Dent's disease,40480260
Dent's disease,3543652
Dent's disease,3519364
Dentatorubral-pallidoluysian atrophy,45765473
Dentatorubropallidoluysian degeneration,4239176
Dentinogenesis imperfecta - Shield's type I,4126779
Dermatosparaxis Ehlers-Danlos syndrome,37164984
Desbuquois syndrome,4113729
Descemet's membrane fold,438759
Desmin related myopathy with Mallory body-like inclusions,37395994
Destot sign,40479170
Deventer's pelvis,4276963
Dextraposition of aorta in Fallot's tetralogy,4103131
DiGeorge sequence,141831
DiGeorge syndrome,40389179
Dieulafoy's vascular malformation,198798
Diffuse neurodermatitis of Brocq,4179769
Diffuse non-Hodgkin immunoblastic lymphoma co-occurrent with human immunodeficiency virus infection,37017442
Diffuse non-Hodgkin's immunoblastic (diffuse) lymphoma,40386687
Diffuse non-Hodgkin's lymphoblastic (diffuse) lymphoma,40386688
Dilatation of aortic sinus of Valsalva,40492455
Diogenes syndrome,4080571
Displacement of Wharton's duct,4108882
Disseminated nocardiosis infection affecting skin,4293287
"Distal muscular dystrophy, Miyoshi type",4008572
Distal myopathy Welander type,37111375
Doan-Wiseman syndrome,193448
Doan-Wright syndrome,4305588
Dobrow syndrome,37204316
Donnai-Barrow syndrome,45765470
Donovanosis - inguinal lesion,4080429
Donovanosis - non-genital lesion,4082027
Dopaminergic drug used in parkinsonism allergy,4165807
Dowager's hump,4187071
Down's facies,4086835
Down's screening blood test normal,40333638
Down's screening blood test normal,40311757
Down's screening blood test normal,4149462
Down's syndrome,40322473
Down's syndrome NOS,4111481
Down's syndrome NOS,3542166
Down's syndrome NOS,40401942
Drash syndrome,4125955
Drechslera toxicosis,4289149
Drehmann sign,606718
Dry form of cutaneous leishmaniasis,136332
"Duane anomaly, myopathy, scoliosis syndrome",36716429
Duane syndrome with vertical deviation,4185598
Duane's syndrome,376989
Duane-radial ray syndrome,44783874
Dubin-Johnson syndrome,4195953
Dubini's chorea,4307361
Dubowitz's syndrome,4093756
Duchenne muscular dystrophy,4296473
Dudley-Klingenstein syndrome,4305787
Duffy blood group,40302912
Duhamel's syndrome,4170393
Duke's disease,40384345
Dukes stage finding,4294057
Dukes-Filatow disease,4265904
Dupuytren contracture of left palm,760881
Dupuytren's contracture,40321324
Dupuytren's disease,4261033
Dupuytren's fracture of radius,40605963
Dupuytren's fracture of radius,4234887
Dupuytrens contracture of bilateral hands,761134
Duroziez's murmur,4212969
Duvenhage virus disease,4032781
Duverney's fracture,4107370
Dyggve-Melchior-Clausen syndrome,4220978
Dyke-Davidoff-Masson syndrome,4006987
Dyssegmental dysplasia Silverman Handmaker type,35622957
Débré-Sémélaigne's syndrome,4212470
Déjérine-Sottas disease,4009656
Eales' disease,4204368
Eaton Lambert myasthenic syndrome,40429647
Eaton-Lambert syndrome,4237155
Ebstein's anomaly,40262039
Ebstein's anomaly,4069182
Ebstein-like malformation of mitral valve,4033905
Echinococcus vogeli infection,4264760
Ectodermal dysplasia with natal teeth Turnpenny type,37395947
Eczematid-like purpura of Doucas and Kapetanakis,4189651
Edward's syndrome NOS,4110124
Edward's syndrome NOS,3542167
Edward's syndrome NOS,40401951
Edwards' syndrome,40322477
Ehlers-Danlos and osteogenesis imperfecta syndrome,37116658
Ehlers-Danlos syndrome,40434987
Ehlers-Danlos syndrome,79145
Ehlers-Danlos syndrome cardiac valvular type,36715308
Ehlers-Danlos syndrome classic type,37395762
Ehlers-Danlos syndrome kyphoscoliotic and deafness type,36717138
Ehlers-Danlos syndrome kyphoscoliotic type,37397547
Ehlers-Danlos syndrome musculocontractural type,36715309
Ehlers-Danlos syndrome progeroid type,36715310
Ehlers-Danlos syndrome spondylocheirodysplastic type,36676402
Ehlers-Danlos syndrome vascular-like type,36715311
"Ehlers-Danlos syndrome, dominant type 4",4315048
"Ehlers-Danlos syndrome, non hydroxylysine deficient ocular type",4002589
Ehrlichia infection of the central nervous system,4228937
Ehrlichiosis,438342
Eiken syndrome,36715312
Eisenmenger's complex,40403695
Eisenmenger's defect,4307090
Eisenmenger's syndrome,40493243
Elective cesarean section: [finding] or [procedure],40319234
Elective cesarean section: [finding] or [procedure],40358600
Elschnig's pearls,4334130
Emanuel syndrome,45765469
Emberger syndrome,44784140
Emery Nelson syndrome,36674411
Emery-Dreifuss muscular dystrophy,40392035
Emery-Dreifuss muscular dystrophy,4009185
Engelman's disease,40441170
Enteritis: [regional-Crohn's disease] or [granulomatous],40392438
Epidermolysis bullosa (& [Koebner's disease] or [eruption of hand]),40401899
"Epidermolysis bullosa simplex, Ogna type",4220198
Epstein Barr virus infection of the central nervous system,4237777
Epstein syndrome,4121264
Epstein's pearl,4185611
Epstein-Barr virus disease,4345472
Epstein-Barr virus disease,40546214
Erb's muscular dystrophy,4302459
Erb's muscular dystrophy,40392027
Erb-Duchenne palsy as birth trauma,4009644
Erb-Duchenne paralysis,4300531
Erbovirus infection,4248364
Erdheim cystic medial necrosis of aorta,40429869
Erdheim-Chester disease,44783444
Erichsen's sign,4035983
Erlenmeyer flask deformity of bone,44784601
Escobar syndrome,4214761
Estren-Dameshek anemia,4188208
Evans syndrome,436956
Ewing sarcoma of bone of pelvis,37018581
Ewing's sarcoma of bone,4144193
FIGO stage finding for fallopian tube tumor,4164485
Fabry's disease,4042934
Facial palsy House-Brackmann grade I,44782525
Facial palsy House-Brackmann grade V,44782796
Fahr's syndrome,4006783
Fallopian tube disorder,4134442
Fallopian tube infection,4171285
Fallot complex with intellectual disability and growth delay syndrome,37109597
Fallot's triad,4184636
Fallot's trilogy,4070916
Familial Alzheimer-like prion disease,36717455
Familial Ménière disease,36716772
Familial Scheuermann disease,37110886
"Familial hypokalemic alkalosis, Gullner type",4219349
Familial osteodysplasia Anderson type,36676403
Familial partial lipodystrophy Dunnigan type,37395855
Familial partial lipodystrophy Kobberling type,37110714
Familial scaphocephaly syndrome McGillivray type,37110710
"Familial visceral amyloidosis, Ostertag type",4280219
Fanconi syndrome,4229557
Fanconi's anemia,4148471
Fanconi-de Toni-Debre syndrome,40455007
Fanconi-like syndrome,4030528
Farber's lipogranulomatosis,4196512
Fechtner syndrome,4030517
Feingold syndrome,45765482
Feingold syndrome,3547044
Felty's syndrome,40320314
Felty's syndrome,81097
Female Kallman's syndrome,4261955
Fernandez reaction to lepromin,4011066
Ferry's line,4223735
Filippi syndrome,36715331
Finding of Eron severity classification for skin and soft tissue infections,44810825
Finding of Mallampati score,4310835
Fine Lubinsky syndrome,36715332
Finkelstein's test - finding,4270575
First trimester Down screening blood test abnormal,42538969
Fisher's syndrome,4070552
Fitz-Hugh-Curtis syndrome,40377637
Fitz-Hugh-Curtis syndrome,4034001
Fleck corneal dystrophy,4216892
Fleisher ring,4169608
Flynn-Aird syndrome,4082368
Foix Chavany Marie syndrome,36715333
Follicular non-Hodgkin's mixed small cleaved and large cell lymphoma,4097572
Fontan-associated liver disease,3655916
Fordyce spots of lips,4296359
Fordyce's disease,4174526
Forster-Fuchs' spot,4336010
Foster-Kennedy syndrome,373497
Fountain syndrome,36715334
Fournier's gangrene,4161947
Fourth disease,40384346
Foville syndrome,4078314
Foville's syndrome I,4028340
Foville's syndrome II,4289598
Foville-Wilson syndrome,4209875
Fowler syndrome,45763743
Fowler's syndrome,44810063
Fox Fordyce disease,40454529
Franceschetti-Klein syndrome,4266850
Francois syndrome,4113737
Frank-Ter Haar syndrome,36717429
Fraser syndrome,40528466
Frasier syndrome,3530451
Frasier syndrome,40483743
Fredrickson type IV hyperlipoproteinemia,4029261
Free living amebae specific infections ([& Naegleria meningoencephalitis]),40379165
Freeman-Sheldon syndrome,4203639
Fregoli syndrome,4180708
Fried syndrome,36713856
Fried's tooth and nail syndrome,4033635
Friedreich ataxia,40322330
Friedreich ataxia,441554
Froment's sign,4132430
Fryns syndrome,45773368
Fuchs' adenoma,4282854
Fuchs' corneal dystrophy,40572000
Fuchs' corneal dystrophy,4109696
Fuchs' heterochromic cyclitis,434932
Fuhrmann syndrome,36717460
Fukuhara syndrome,4211005
Fukuyama congenital muscular dystrophy,4008570
Fullers' earth disease,4273372
Functional biliary sphincter of Oddi disorder,36716721
Furst-Ostrum syndrome,4111318
Gaenslen's sign,4136360
Gaisbock's syndrome,4167506
Galeazzi's sign,4278976
Galloway Mowat syndrome,36715581
Galvanic lesion of oral cavity,46271667
Game Friedman Paradice syndrome,37396396
Gangrene due to Raynaud disease,46273522
Gangrene due to secondary Raynaud phenomenon,46270361
Ganser syndrome,4294414
Gardner syndrome,4246717
Gardnerella vaginalis (& [infection]),40383834
Gastric hemorrhage due to Dieulafoy lesion of stomach,46269893
Gaucher disease with ophthalmoplegia and cardiovascular calcification,608071
Gaucher's disease,40368676
Gaucher's disease,4101305
Gemignani syndrome,37204181
Generalized pagetoid reticulosis,4300698
Gerlier's disease,4037197
German syndrome,37118593
Gerota's fascia uninvolved by renal tumor,4233790
Gerstmann-Straussler-Scheinker syndrome,442759
Ghon complex,36674821
Gianotti-Crosti syndrome,40396787
Gianotti-Crosti syndrome,40288191
Gianotti-Crosti syndrome,4220860
Giardiasis (& [colitis]),40344554
Giardiasis (& [colitis]),40319129
Giardiasis: [lambliasis] or [colitis],40382263
Gilbert's syndrome,4099740
Gilchrist's disease,40390802
Gilles de la Tourette syndrome,40389624
Gilles de la Tourette's syndrome,379782
Gillespie syndrome,4100702
Gitelman syndrome,45769163
Glanzmann's thrombasthenia,4139942
Glasser's disease,40615046
Gleason Pattern 4,4240062
Gleason grade group 4,3655247
Gleason prostate grade 2-4 (low),40569019
Gleason prostate grade 2-4 (low),40566125
Gleason prostate grade 2-4 (low),40562565
Gleason score X,3655243
Glissonian cirrhosis,4203601
"Global developmental delay, lung cysts, overgrowth, Wilms tumor syndrome",37204210
Glycogenosis: [generalized] or [Pompe's disease] or [type 2],40388191
Goldberg Shprintzen megacolon syndrome,36717041
Goldberg-Maxwell syndrome,40438607
Goldblatt Wallis syndrome,37396327
Goldblatt syndrome,36713481
Goldenhar syndrome,4003957
Goldmann-Favre syndrome,4334254
Gollop Wolfgang complex,37396260
Gollop syndrome,37396269
Goltz syndrome,4047144
Gomez Lopez Hernandez syndrome,36716443
Gonococcal Littré gland abscess,4080779
Goodell's sign,4321442
Goodpasture's disease,4126115
Goodpasture's syndrome,195289
Goodpasture's syndrome,40393241
Gopalan's syndrome,4260950
Gordon's syndrome,4035141
Gorham's disease,4034835
Gorissenne's sign,4068715
Gorlin syndrome,4287999
Gorlin-Chaudhry-Moss syndrome,4004786
Gosselin's fracture,4338387
Gottron's papules,4083305
Gottron's papules,40396871
Gougerot-Ruiter purpura,4081098
Gower's eye sign,4099183
Gower's panatrophy,4033366
Gowers sign,4311104
Gradenigo's syndrome,4243770
Graham Little Piccardi Lassueur syndrome,37397551
Grahmann's syndrome,4169593
Grange syndrome,36713482
Grant syndrome,37109888
Grashey's aphasia,4339200
Graves eye disease,40587210
Graves' disease,40547692
Graves' disease,4232076
Graves' disease,40438630
Gray syndrome from chloramphenicol administration in newborn,4296735
Grayson Wilbrandt corneal dystrophy,36713387
Grebe syndrome,4298332
Greenberg dysplasia,4308194
Greig cephalopolysyndactyly syndrome,4139751
Greig cephalopolysyndactyly syndrome,3544442
Greither type of ectodermal dysplasia,4033950
Grey Turner's sign,4271313
Grisel's syndrome,4233947
Grob's syndrome,4176282
Gronblad-Strandberg syndrome,4248127
Gross' disease,4148704
"Grubben, De Cock, Borghgraef syndrome",35621906
Guerin-Stern syndrome,40406668
Guillain-Barré syndrome,4164770
Guttmacher syndrome,36716444
Haber's syndrome,4320648
Haddad syndrome,36714655
Hadziselimovic syndrome,36714252
Haff syndrome,4234133
Hagner's disease,4327949
Haim Munk syndrome,36714656
Hajdu-Cheney syndrome,4270610
Halban's sign,4221868
Hall Riggs syndrome,36715368
Hallermann-Streiff syndrome,4194517
Hamman's sign,4185778
Hand-Schüller-Christian disease,4217892
Hanhart's syndrome,4148388
Harada's disease,435811
Harlequin fetus,40538632
Harlequin fetus,4145173
Harlequin ichthyosis,4006949
Harlequin syndrome,46270109
Harrison's sulcus,4189191
Harrod syndrome,37396321
"Hartnup disorder, renal type",4329438
"Hartnup disorder, renal/jejunal type",4285051
Hartsfield syndrome,35623622
Hashimoto thyroiditis,135215
Hashimoto's thyroiditis,40437585
Haspeslagh Fryns Muelenaere syndrome,37396322
Hassall-Henle bodies,4228921
Hay-Wells syndrome of ectodermal dysplasia,4184126
Heberden node,4155797
Heberden's node,40635581
Hebra's prurigo,4067067
Hecht syndrome,4227121
Hedblom's syndrome,4138094
Heerfordt's syndrome,4185737
Hegar's sign,4322472
Heide syndrome,37396389
Hemoglobin Bart's hydrops syndrome,4200254
Henck-Assman disease,4235790
Hennebert's syndrome,4250291
Hennekam Beemer syndrome,36716445
Hennekam syndrome,4121804
Henoch-Sch?nlein purpura,40451196
Henoch-Schönlein purpura,40547679
Hereditary palmoplantar keratoderma Gamborg Nielsen type,37397176
Hermansky-Pudlack syndrome,40613789
Hermansky-Pudlak syndrome,40388141
Hermansky-Pudlak syndrome,4245912
Hidrotic ectodermal dysplasia Christianson Fourie type,36675011
Hidrotic ectodermal dysplasia Halal type,36715462
Hill diarrhea,4278248
Hill-Sachs lesion,4117238
Hip dysplasia Beukes type,36715463
Hippocratic facies,4177791
Hirschsprung disease of rectosigmoid region,36717345
"Hirschsprung disease, ganglioneuroblastoma syndrome",37204831
Hirschsprung's disease,40322403
Hirschsprung's disease,40616358
Hirschsprung's disease NOS,4002471
Hirschsprung's disease NOS,3534731
Histoplasma capsulatum infection (& [American] or [Darlings disease]),40378148
Histoplasma duboisii infection NOS,4092850
Histoplasma duboisii infection NOS,3533200
Hodgkin's disease,40320649
Hodgkin's disease NOS,40386234
Hodgkin's disease NOS,3531335
Hodgkin's disease NOS,4096960
Hodgkin's granuloma NOS,4091771
Hodgkin's granuloma NOS,3533358
Hodgkin's paragranuloma,40385812
Hodgkin's paragranuloma NOS,4097564
Hodgkin's paragranuloma NOS,3533718
Hodgkin's sarcoma NOS,3563744
Hodgkin's sarcoma NOS,4094413
"Hodgkin's, lymphocytic-histiocytic predominance NOS",3533720
"Hodgkin's, lymphocytic-histiocytic predominance NOS",4091772
Hoffa's disease,4217764
Hoffman syndrome,37396504
Holmes Gang syndrome,36715520
Holt-Oram syndrome,4078058
Holzgreve syndrome,37204493
Homans' sign,4026102
Hooft's syndrome,4137766
Hoover's sign,4185119
Horner syndrome,37168467
Horner's teeth,4009630
Houssay's syndrome,4048202
Howel-Evans' syndrome,4005989
Hoyeraal-Hreidarsson syndrome,45772920
Hughes Stovin syndrome,36715522
Hunner's ulcer,40396024
Hunner's ulcer,4193386
"Hunter's syndrome, mild form",4208985
Huntington disease-like 2,36715523
Huntington disease-like syndrome,45773363
Huntington's chorea,374341
Huntington's disease,40322323
Hurloid facies,4197379
Hurthle cell carcinoma of thyroid,4307263
Hutch diverticulum,762777
Hutchinson sign,4256470
Hutchinson's facies,4280666
Hutchinson's fracture,4142415
Hutchinson's mask,4010976
Hutchinson's teeth,4313730
Hutchinson's triad,4084820
Hutchinson-Gilford syndrome,4033479
Hydrocele of canal of Nuck,195593
Hydrocephalus due to Dandy-Walker malformation,3654923
Hydrocephalus with anomaly of aqueduct of Sylvius,4102521
"Hydrocephalus, costovertebral dysplasia, Sprengel anomaly syndrome",36715524
Hyperaldosteronism (& [Bartter's syndrome] or [Conn's syndrome]),40387297
Hyperemia of Little's area,3654248
Hyperparathyroidism (& [osteitis fibrosa cystica] or [Von Recklinghausen's bone disease]),40387236
Hyperplasia of Brunner glands of duodenum,4342652
Hypertelorism Teebi type,37110171
Hyperthyroidism with Hashimoto disease,4100629
Hypotrichosis and intellectual disability syndrome Lopes type,37109617
Hypoxanthine-guanine-phosphoribosyltransferase deficiency (& [Lesch - Nyhan syndrome]),40389098
Iatrogenic Cushing's disease,4186577
Iatrogenic Jakob-Creutzfeldt disease,37396005
Idiopath. fibrosing alveolitis (& Hamman-Rich syndrome),40316599
Idiopath. fibrosing alveolitis (& Hamman-Rich syndrome),40345774
Idiopathic ventricular fibrillation not Brugada type,37109917
Illum syndrome,36715048
Immunodeficiency following hereditary defective response to Epstein-Barr virus,4100982
Indian anthroponotic cutaneous leishmaniasis,4080608
Indian zoonotic cutaneous leishmaniasis,4080610
Infantile Refsum's disease,435813
Infected cyst of Meibomian gland,40651507
Infected gland of Montgomery,4130006
Infection by Bartonella bacilliformis,4096184
Infection by Schistosoma chestermani,4228835
Infection of Bartholin gland,36715825
Infestation by Cordylobia rodhaini,37311727
Intellectual disability Birk-Barel type,35622702
Intellectual disability Wolff type,35622327
"International neuroblastoma pathology classification: Favorable histology group, patient of any age with ganglioneuroma (Schwannian stroma-dominant) maturing, or mature",4260212
"International neuroblastoma pathology classification: Unfavorable histology group, patient of any age, with ganglioneuroblastoma, nodular (composite Schwannian stroma-rich/stroma-dominant and stroma-poor)",4260318
"International neuroblastoma pathology classification: Unfavorable histology group, patient of any age, with undifferentiated neuroblastoma (Schwannian stroma-poor) and any mitosis-karyorrhexis index",4252998
Intraepidermal epithelioma of Jadassohn,4166151
Intraepidermal squamous cell carcinoma - Bowen's type,40443094
Inverse Marcus-Gunn phenomenon,608082
Iris - Lisch nodules,4087154
Iris-Koeppe nodule,4214525
Irukandji syndrome,4143416
Isaacs syndrome,4196639
Ischiopubic synchondrosis of van Neck,4194059
Iselin's disease,4004615
Isolated (Fiedler's) myocarditis,4143969
Isolated autosomal dominant hypomagnesemia Glaudemans type,36716128
Izumi fever,4264201
Jaccoud's syndrome,72994
Jackson's membrane,4101840
Jackson-Weiss syndrome,46271070
Jacobsen syndrome,37395854
Jacquet's dermatitis,40442008
Jadassohn-Pellizzari anetoderma,4006657
Janeway lesion,4190518
Jarcho-Levin syndrome,4247644
Jarisch Herxheimer reaction,4030783
Jaw-winking syndrome,4197114
Jaw-winking syndrome,40402798
Jaw-winking syndrome,40387034
Jaw-winking syndrome,40402797
Jawad syndrome,36675142
Jefferson fracture,4138297
Jervell and Lange-Nielsen syndrome,4161597
Jervell and Lange-Nielson syndrome,40602281
Jervis' syndrome,4263458
Ji muscular dystrophy,4344605
Johanson-Blizzard syndrome,4294270
Johne's disease,4047160
Johnson neuroectodermal syndrome,36715816
Jorissenne sign,606868
Joubert syndrome,37396990
Joubert syndrome with ocular defect,37396991
Joubert syndrome with orofaciodigital defect,36716040
Juberg Hayward syndrome,36716041
Juberg Marsidi syndrome,36717192
Junctional epidermolysis bullosa non-Herlitz type,37110132
Jung syndrome,4298012
Juvenile Graves' disease,4030350
Juvenile paralysis agitans of Hunt,4184466
Kagami Ogata syndrome,36674921
Kallman syndrome with heart disease,36716138
Kanavel's four cardinal signs,4148706
Kandori fleck retina syndrome,35622946
Kandori's syndrome,4297443
Kanter's sign,4238884
Kaposi sarcoma of toe,609089
Kaposi's sarcoma,40320674
Kapur Toriello syndrome,36716139
Karandikar Maria Kamble syndrome,37396247
Karsch Neugebauer syndrome,36716140
Kartagener syndrome,4173466
Kasabach-Merritt syndrome,4314802
Kaschin-Beck disease of the spine,4176761
Kascin-Beck disease of unspecified site,4115533
Kashin-Beck disease NOS,3534768
Kashin-Beck disease NOS,4114599
Kashin-Bek disease,72401
Kashin-Bek disease,40549593
Kawasaki's disease,40393237
Kawasaki's disease,40315983
Kawashima Tsuji syndrome,37396341
Kayser-Fleischer ring,373771
Kearns-Sayre syndrome,4093427
Kedani fever,40443180
Kehr's sign,4009940
Keipert syndrome,35622342
Kenny syndrome,4221110
Keratoderma due to Dowling-Meara type epidermolysis bullosa simplex,4301397
Kernig's sign,4308223
Keutel syndrome,37110120
Kienbock's disease of adults,4003476
Kienbock's dislocation,4274173
Kikuchi disease,40390919
Kimmelstiel-Wilson syndrome,4151946
Kimura's disease,4269872
Kimura's disease,3571499
Kindler's syndrome,4033877
King Denborough syndrome,35622775
Kirman syndrome,4033639
Klatskin's tumor,4098954
Klebsiella cystitis,4263853
Kleefstra syndrome,37110119
Kleefstra syndrome,44805996
Kleihauer test normal,4306249
Kleine-Levin syndrome,4008567
Klinefelter syndrome,40420291
Klinefelter's syndrome,438855
Klinefelter's syndrome,40573453
Klinefelter's syndrome NOS,3539619
Klinefelter's syndrome NOS,4005273
Klinefelter's syndrome XXXY,4169978
"Klinefelter's syndrome, XXY",4228490
Klippel Trenaunay syndrome,36715431
Klippel's disease,4105318
Klippel's disease,40404362
Klippel-Feil syndrome NOS,3539172
Klippel-Feil syndrome NOS,4005110
Klippel-Trenaunay-Weber syndrome,4240977
Klumpke-Déjerine paralysis,4221837
Kniest dysplasia,40441579
Kniest dysplasia,4207347
Kniest-Stickler dysplasia,4109059
Knight's disease,4150808
Koch-Weeks conjunctivitis,40453757
Kocher's sign,4008787
Koenig's syndrome II,4296322
Kohlschutter's syndrome,4033911
Kojevnikov's epilepsy,4102346
Kommerell's diverticulum,4251932
Koolen De Vries syndrome,37397261
Koplik spots,4155889
Korsakoff's psychosis,4288013
Korsakov psychosis,40391402
Korsakov's alcoholic psychosis with peripheral neuritis,4103124
Kostmann syndrome,36674945
Kousseff syndrome,37111359
Krukenberg spindle,4310954
Krukenberg tumor,4230544
Kuess' disease,4245744
Kugelberg-Welander disease,374634
Kuhnt-Junius degeneration,40273452
Kummell's disease,40403973
Kundrat's syndrome,4147526
Kussmaul's aphasia,4238488
Kussmaul's respiration,4190521
Kveim test negative,4064728
Kyrle's disease,40288192
Kyrle's disease,40397884
Kyrle's disease,40396848
Köbner phenomenon,4231424
Köbner reaction from lichen planus,4297504
Kümmell disease,4345330
Kümmell's disease,4280656
Lachman test positive,4102408
Ladin's sign,4261366
Lady Windermere syndrome,40481431
"Laennec's cirrhosis, non-alcoholic",4340392
Lafora disease,4046214
Laing early-onset distal myopathy,35622700
Laminopathy type Decaudain Vigouroux,37110117
Langer-Giedion syndrome,4165567
Langerhans cell histiocytosis,4278365
Langerhans cell histiocytosis,40431892
Langerhans cell histiocytosis - Hashimoto-Pritzker type,4301782
"Langerhans cell histiocytosis, disseminated (clinical)",40442833
"Langerhans cell histiocytosis, disseminated (clinical)",4038846
"Langerhans cell histiocytosis, unifocal, bone",40438558
Langerhans cell sarcoma,37110403
Lapiere type of psoriasis,4033783
Laron syndrome with immunodeficiency,37110104
Laron-type isolated somatotropin defect,4243014
Larsen syndrome,4272804
Larsen-like syndrome B3GAT3 type,35622345
Lasègue sign,4099893
Lasègue test finding,4271530
Late-onset distal myopathy Markesbery Griggs type,36674729
Laubry Pezzi syndrome,35622773
Laugier-Hunziker syndrome,4081077
Launois-Bensaude's lipomatosis,40611824
Launois-Bensaude's lipomatosis,40388620
Laurence-Moon syndrome,4334252
Laurence-Moon-Biedl syndrome,40436251
Le Dantec virus disease,4222587
Le Fort I fracture of maxilla,40404259
Le Fort II fracture of maxilla,40404261
Le Fort III fracture of maxilla,40404262
Le Fort's fracture,4168137
Leber plus disease,36717085
Leber's amaurosis,4108958
Leber's hereditary optic neuropathy,40437161
Leber's optic atrophy,4240232
Legius syndrome,45766393
Leigh's disease,4106216
Leishmania brasiliensis complex cutaneous leishmaniasis,4300347
Leishmaniasis,433407
Leishmaniasis NOS,4089975
Leishmaniasis NOS,3567806
Lelis syndrome,36714277
Lemierre syndrome,37164448
Lenegre's disease,4245913
Lennox-Gastaut syndrome,40633150
Lennox-Gastaut syndrome,40391020
Lennox-Gastaut syndrome,4046213
Lenz microphthalmia syndrome,3527847
Lenz microphthalmia syndrome,4235222
Lenz-Majewski hyperostosis syndrome,4029491
Lepromatous cutaneous leishmaniasis,40379611
Leri's pleonosteosis syndrome,4219693
Leri-Weill dyschondrosteosis,4075151
Leriche's syndrome,4146311
Lermoyez's syndrome,4107528
Lesch-Nyhan syndrome,4016108
Leser-Trélat sign,4010977
Lethal Kniest-like syndrome,4245457
Lethal Larsen-like syndrome,36714264
Lethal polymalformative syndrome Boissel type,36674518
Letterer-Siwe disease,40542323
Letterer-Siwe disease,40386662
Letterer-Siwe disease NOS,4091912
Letterer-Siwe disease NOS,3532444
Leudet's tinnitus,4319019
Lev's syndrome,4153404
Levy-Hollister syndrome,4031964
Lewy body disease,40436108
Lewy body disease,40436109
Lewy body disease,40436110
Lewy body disease,40390145
Leydig cell agenesis,4209291
Lhermitte-Duclos disease,4194773
Li-Fraumeni syndrome,4323645
Li-Fraumeni syndrome,3546287
Lian-Siguer-Welti syndrome,4260534
Lichtenstein syndrome,35622280
Lichtheim's aphasia,4178118
Liddle syndrome,45769158
Liddle's syndrome,40437539
Liebenberg syndrome,35610788
Liepmann's apraxia,4247764
"Lipodystrophy, partial, with Rieger anomaly, short stature, and insulinopenic diabetes mellitus",4129379
Lipoma,440358
Lipoma,40320683
Lisch epithelial corneal dystrophy,37110100
Lissencephaly syndrome Norman Roberts type,37397361
Listeria conjunctivitis,4106896
Listeria infection of the central nervous system,4237780
Listeria septicemia,4279475
Listeriosis,40383256
Listeriosis,438059
Listeriosis NOS,3520781
Listeriosis NOS,4088223
Littré hernia,4295793
Lloyd's syndrome,40390286
Lobomycosis,136627
Localized Castleman disease,608047
Localized idiopathic skeletal hyperostosis (& [kissing spine] or [Baastrup's syndrome]),40403972
Localized pagetoid reticulosis,4297352
Localized septic infection by cat AND/OR dog bite due to Pasteurella multocida,40485627
Loeffler's endocarditis,42709957
Loeys-Dietz syndrome,3543349
Loeys-Dietz syndrome,40486979
Lofgrens syndrome,4081069
Lowe syndrome,4194065
Lown-Ganong-Levine syndrome,437892
Lowry MacLean syndrome,36716109
Lowry Yong syndrome,37399490
Lucey-Driscoll syndrome,4165508
Lucke frog kidney carcinoma,4208687
Ludington's sign,4028688
Ludwig's angina,4025487
Luft's hypermetabolic myopathy,4269631
Lujan-Fryns syndrome,44789092
Lutembacher's anomaly,40558800
Lutembacher's syndrome,4069096
Lyell syndrome,35625873
"Lyell's toxic epidermal necrolysis, subepidermal type",443754
Lymphocyte-rich classical Hodgkin lymphoma,4038841
Lynch syndrome,37396489
MPTP-induced parkinsonism,4049300
MacCallum's patch,4306131
MacDermot Winter syndrome,37396270
Madelung's deformity,434157
Madelung's neck,4269375
Maffucci syndrome,4187683
Majeed syndrome,45766392
Malassezia folliculitis,4177192
Malassezia infection of skin,4296068
Malemud disease,4343921
Malignant mixed Mullerian tumor of uterus,40490999
Malignant neoplasm of the pouch of Douglas,4092080
Mallory-Weiss syndrome,316457
Mallory-Weiss syndrome,40317048
Mallory-Weiss tear,40398533
Mallory-Weiss tear,4145716
Manganese-induced parkinsonism,4044052
Mansonella perstans infection,4347657
Mansonelliasis,4347656
Marchiafava-Bignami disease,4303996
Marchiafava-Bignami disease,40267905
Marden-Walker syndrome,3585672
Marek's disease,4215375
Marfan syndrome type 1,604613
Marfan's syndrome,258540
Marfan's syndrome,40322479
Marfanoid facies,4086491
"Marfanoid habitus, inguinal hernia, advanced bone age syndrome",37204240
Marfanoid joint hypermobility syndrome,4211698
Marfanoid mental retardation syndrome,4297761
Marfanoid syndrome De Silva type,37115770
Marie Unna syndrome,4114855
Marie's cerebellar ataxia,40571994
Marie's cerebellar ataxia,40390538
Marie's cerebellar ataxia,4263879
Marinesco-Sjögren syndrome,4216348
Marjolin's ulcer,40488448
Maroteaux-Lamy syndrome,4287262
Marshall syndrome,4142775
Marshall-Smith syndrome,4248273
Martin du Pan-Rutishauer disease,4185211
Martsolf syndrome,36716389
Masshoff's syndrome,4028012
Maternally inherited Leigh syndrome,37399345
Matthew Wood syndrome,36717562
Mauriac's syndrome,4216214
May Hegglin syndrome,4287541
May-Hegglin anomaly,4123075
Mayer-Rokitansky-Küster-Hauser syndrome type 2,36713399
McArdle's sign,36684988
McBurney's sign,4248280
McClintock's sign,4263763
McCune Albright syndrome,37117262
McCune-Albright syndrome,40621149
McDonough syndrome,37395856
McKittrick-Wheelock syndrome,4054894
McKusick Kaufman syndrome,45765462
McLeod neuroacanthocytosis syndrome,37110098
McMurray test - finding,4273447
Meacham syndrome,36716451
Mechanical complication of Hickman Line,4308561
Meckel's diverticulitis,4170220
Meckel's diverticulum,441394
Meckel's diverticulum,40322401
Meckel's diverticulum NOS,3539114
Meckel's diverticulum NOS,4002460
Meckel-Gruber syndrome,4104650
Mee's line,4251346
Meesman's corneal dystrophy,440408
Mehes syndrome,37396397
Meibomian gland finding,4087808
Meibomian secretion,4081474
Meibomianitis,40386996
Meibomianitis,4146941
Meige syndrome,4043390
Meigs' syndrome,4269932
Meleney's gangrene,4082832
Melhem Fahl syndrome,37115771
Melkersson's syndrome,4295340
Melnick-Fraser syndrome,4103701
Melnick-Needles syndrome,4028678
Mendelian disorders,4180177
Mendelian susceptibility to mycobacterial disease due to complete ISG15 deficiency,37109630
Mendelian susceptibility to mycobacterial disease due to complete interleukin 12 subunit beta deficiency,36716043
Mendelian susceptibility to mycobacterial disease due to partial IRF8 deficiency,37109631
Mendelian susceptibility to mycobacterial disease due to partial STAT1 deficiency,37109632
Mendelson's syndrome as a complication of care,4309159
Meniere syndrome,40323370
Meningitis due to Chagas disease,46269916
Menkes kinky-hair syndrome,4241728
Meretoja syndrome,4302515
Merkel cell carcinoma,4100425
Mesomelic dysplasia Kantaputra type,36714254
Mesomelic dysplasia Savarirayan type,37395998
Metaphyseal chondrodysplasia Kaitila type,36674923
"Metaphyseal chondrodysplasia, Jansen type",4078643
"Metaphyseal chondrodysplasia, McKusick type",40431873
"Metaphyseal chondrodysplasia, McKusick type",4298801
"Metaphyseal chondrodysplasia, Schmid type",4104805
"Metaphyseal chondrodysplasia, Sedaghatian type",4305416
"Metaphyseal chondrodysplasia, Spahr type",4109175
Metaphyseal dysplasia Braun Tinschert type,37397172
Mibelli's disease,40401890
Michelin-tire baby,4343681
Microcephalic primordial dwarfism Alazami type,36674735
Microcephalic primordial dwarfism Dauber type,36674736
"Microcephalus, glomerulonephritis, marfanoid habitus syndrome",37118677
Micromelic dwarfism Fryn type,604584
Micromelic dwarfism Fryns type,37395882
Microphthalmos due to Delleman syndrome,604582
Mietens syndrome,4222120
Mikulicz's disease,4301630
Milking sign,4268772
Millard-Gubler syndrome,4077819
Miller syndrome,4278088
Miller-Dieker syndrome,40473102
Miller-Fisher variant of Guillain-Barre syndrome,40391603
Miller-Fisher variant of Guillain-Barre syndrome,40437202
Mills syndrome,37203943
Milroy's disease,40401489
Mirizzi's syndrome,4178001
Mitchell syndrome,1245376
Mobitz type II atrioventricular block,313780
Moebius congenital oculofacial paralysis,40572029
Moebius syndrome,35624321
Moeller's glossitis,40617767
Mohr syndrome,4071102
Moll's gland cyst,4083384
Monckeberg's medial sclerosis,4288295
Mondini defect,4335449
Mondor's phlebitis of the penis,4158798
Monteggia's dislocation,40645212
Monteggia's fracture,4048846
Moon's molar teeth,4032996
Moore's fracture,4240329
Moore-Federman syndrome,4218756
Mooren's ulcer,435271
Morax lacunata angular conjunctivitis,4238336
Moraxella infection of skin,4080313
Moraxella-like organism,40575881
Moraxella-like organism,40575882
Morgagni hernia,40438896
Morgagnian cataract,4130588
Morgagnian cataract,40446847
Morganella infection,4207180
Morquio syndrome,4292105
Morse Rawnsley Sargent syndrome,37396375
Morton neuroma,40388976
Morton neuroma,40546219
Morton's metatarsalgia,4107377
Morvan syndrome,35622356
Mowat - Wilson syndrome,44791995
Mowat-Wilson syndrome,45766388
Moynahan's syndrome,4163223
Mucocutaneous infection caused by Leishmania,36716005
"Mucopolysaccharidosis, type 1: (& [gargoylism] or [Hurler's syndrome] or [Scheie's syndrome])",40389120
Muehrcke's lines,4011871
Mueller Weiss syndrome,37163919
Muenke syndrome,3527808
Muenke syndrome,37204059
Muir-Torre syndrome,3528628
Muir-Torré syndrome,4301407
Mulder's click,4095196
Mulders click absent,4101638
Mulibrey nanism syndrome,4304396
Muller-Weiss disease,4196196
Mullerian duct and limb anomalies syndrome,37396340
Multiple agminated spitz nevi,4297797
Multiple endocrine adenomatosis (& [Wermer's syndrome]),40387675
Multiple epiphyseal dysplasia Al-Gazali type,36714450
Multiple epiphyseal dysplasia Beighton type,36714451
Multiple epiphyseal dysplasia Lowry type,35625848
"Multiple system atrophy, Parkinson variant",3571400
"Multiple system atrophy, Parkinson's variant",40485457
Munchausen's syndrome,4065322
Murphy's sign,4201728
Muscular dystrophy Selcen type,37109644
Musset's sign,4085521
Mycobacterium gordonae infection of skin,4294567
Mycobacterium szulgai infection of skin,4294566
Myerson's nevus,4111950
Myhre syndrome,44783252
Myocarditis due to Chaga disease,3656065
Myocarditis due to Kawasaki disease,618979
Myopathic Ehlers-Danlos syndrome,37165567
Ménière's disease,79833
NPHP3-related Meckel-like syndrome,36674397
Naegeli-Franceschetti-Jadassohn syndrome,4034573
Naegleria infection of the central nervous system,4237781
Nagele's pelvis,4228665
Nager syndrome,4146992
Nakajo-Nishimura syndrome,45765498
Nance-Horan syndrome,40482880
Nance-Horan syndrome,3530104
Nathalie syndrome,37396376
National Wilms Tumor Study Group Stage I,4228796
National Wilms Tumor Study Group Stage V,4228793
Necrobacillosis due to Schmorl's bacillus,40412527
Nelaton's dislocation,4313731
Nelson syndrome,4182585
Nelson's syndrome,40387294
Neonatal cutis laxa with marfanoid phenotype,4111471
Netherton's syndrome,40401501
Netherton's syndrome,40443985
Netherton's syndrome,4209834
Netherton's syndrome,40460725
Neu-Laxova syndrome,4299667
Neuhauser anomaly,35624151
Neurobartonellosis,4345794
Neurogenic arthropathy of Charcot,40607650
Nevus spilus,40455155
Nevus spilus,4218524
Nezelof's syndrome,27526
Nicolaides-Baraitser syndrome,4268297
"Niemann-Pick disease, type A",4181427
"Niemann-Pick disease, type D",4078073
Nievergelt's syndrome,4144975
Nikolsky sign,40480883
Non-Alzheimer's progressive dysphasia,4046085
Non-Crohn's granulomatous colitis,4341632
Non-Langerhans cell histiocytic dermatosis,4300207
Non-amnestic Alzheimer disease,36716558
Non-polyposis Turcot syndrome,37396741
Non-progressive Kozhevnikow syndrome,4047892
Non-syphilitic Argyll Robertson pupil,4104055
Noonan syndrome,40644196
Noonan's syndrome,4118400
Nothnagel's syndrome,4139136
O/E - Heberden's nodes,4206280
O/E - Horner's syndrome,4062456
O/E - Romberg's test,4077671
O/E - mouth - Koplik's spots,4153587
"Obstruction of eustachian tube from cholesteatoma, polyp OR other osseous lesion",4261520
Ochoa syndrome,4126123
Oculoauricular syndrome Schorderet type,35622361
Oculocerebral hypopigmentation syndrome of Preus type,37396379
Oculocerebrofacial syndrome Kaufman type,36716154
Ogden syndrome,36675116
Oguchi's disease,4109112
"Ohdo syndrome, Maat-Kievit-Brunner type",44783238
"Ohdo syndrome, Say-Barber-Biesecker-Young-Simpson variant",44783239
Okamoto syndrome,36716160
Old World cutaneous leishmaniasis,40377115
Old World cutaneous leishmaniasis,40377116
Oliver McFarlane syndrome,36714634
Oliver syndrome,36715373
Open Galeazzi fracture,4009443
Open Malgaigne fracture,46273404
"Open fracture thumb metacarpal base, intra-articular, Bennett",4010391
Opitz-Frias syndrome,4305010
Ortolani's click,4261673
Ortolani's test finding,4277664
Osgood Schlatter disease,4217493
Osgood Schlatter disease,4329924
Osiander's sign,4268019
Osler's node,4270203
Osler's syndrome,4244257
Osteochondritis of humerus: [juvenile] or [Panner's disease of capitulum],40399795
Osteochondrosis of primary patella center: [Kohler's disease] or [juvenile],40399802
Osteosclerosis - Stanescu type,4109183
Other anterior horn cell disease &/or Werdnig-Hoffman disease,40351919
Other anterior horn cell disease &/or Werdnig-Hoffman disease,40322335
Other conditions of brain: [NOS] or [Ondine's curse],40391103
Other specific myoneural disorder (& [amyotonia congenita] or [Oppenheim's amyotonia] or [congenital benign hypotonia] or [floppy infant syndrome]),40392017
Other specified shigella infection,4088063
Other specified shigella infection,3535848
Otitis,4183452
Otto's pelvis,4344156
Otto's pelvis,40288197
Pacheco's disease,4321431
Pachyonychia congenita type II of Jackson-Lawler,4298004
Page kidney,45757756
Paget disease of anal canal,37395579
Paget's disease NOS,4001984
Paget's disease NOS,3573455
Paget's disease OS,4001983
Paget's disease OS,3530621
Paget's disease of bone,40321831
Paget's disease of bone,40321830
Paget's disease of jaw,4124521
Paget's disease of nipple,4301516
Paget's disease of nipple,40455657
Paget's disease of pelvis,4001981
Paget's disease of skull,4001632
Paget's disease of vulva,4116086
Paget's disease-carpal bone,4001979
Paget's disease-cervical spine,4002987
Paget's disease-lumbar spine,4001314
Paget's disease-multiple sites,4002994
Paget's disease-other tarsal bone,4002991
Paget's disease-other tarsal bone,3573454
Paget's disease-phalanx of toe,4002993
Paget's disease-thoracic spine,4001313
Paget's disease-ulna,4003462
Pagets disease - hip,4103167
Pai syndrome,36716254
Pallidoluysian degeneration,4078555
Pallidonigroluysian degeneration,4265347
Pallister W syndrome,36717687
Pallister-Hall syndrome,4209716
Pallister-Killian syndrome,40572559
Pallister-Killian syndrome,4193667
Palmoplantar hyperkeratosis-hyperpigmentation syndrome of Cantu,4297931
Palmoplantar keratoderma Nagashima type,36716257
Panayiotopoulos syndrome,44792247
Pancoast tumor,4110706
Pancoast's syndrome,4080382
Panton-Valentine leucocidin associated staphylococcus aureus infection,3521311
Papillon-Lefèvre syndrome,4220949
Parinaud oculoglandular syndrome,37164708
Parinaud's syndrome,4242834
Parkes Weber syndrome,4120804
Parkinson's disease,40322314
Parkinson's disease,381270
Parkinson's disease,40322317
Parkinson's disease,40390164
Parkinson's disease NOS,4104710
Parkinson's disease NOS,3535366
Parkinson's disease NOS,40322319
Parkinson's facies,4098286
Parkinson-dementia complex of Guam,4265907
Parkinsonian ataxia,4095182
Parkinsonian facies,4086836
Parkinsonian pyramidal syndrome,37204371
Parkinsonian syndrome with idiopathic orthostatic hypotension,4219273
Parkinsonism,4140090
Parkinsonism due to hereditary spastic paraplegia,36716557
Parkinsonism following infection,36716525
Partington syndrome,45765465
Pasteurella abscess,4345449
Pasteurella infection,436897
Pasteurella infection,40360915
Pasteurella septic infection (cat or dog bite),4090679
Pasteurellosis NOS,4145469
Pasteurellosis NOS,3541511
Patau's syndrome NOS,3542168
Patau's syndrome NOS,4110270
Patau's syndrome NOS,40401947
Patterson Stevenson Fontaine syndrome,37110043
Payr's syndrome,4187914
Pearson's syndrome,4035282
Pel Ebstein fever,4199309
Pelger-Huët anomaly,4311674
Pelizaeus Merzbacher like disease,37397028
Pelizaeus-Merzbacher disease,4275445
Pelizaeus-Merzbacher disease null syndrome,604652
Pellegrini-Stieda syndrome,4264472
Pemphigus vegetans of Neumann type,4033040
Pena-Shokeir phenotype,4249609
Pena-Shokeir syndrome type I,3522500
Pena-Shokeir syndrome type I,4269041
Pendred's syndrome,4290064
Perinatal lethal Gaucher disease,3663236
Periodic syndrome,4144033
Periodontal Ehlers-Danlos syndrome,4176273
Perlman syndrome,36716275
Perniola Krajewska Carnevale syndrome,37396390
Perry syndrome,44783137
Persistent Blake's pouch cyst,43531631
Persistent Gartner's duct,4130895
Persistent Müllerian duct syndrome,45765424
Perthe's disease,40441164
Perthe's disease,40399787
Perthes' test,4064590
Peters plus syndrome,42709945
Peters-plus syndrome,3573834
Pettigrew syndrome,36714054
Peutz-Jeghers polyps of small bowel,4204838
Peutz-Jeghers syndrome,40322484
Peutz-Jeghers syndrome,4182399
Peyronie's disease,40318078
Pfeiffer syndrome type 3,604946
Pfeiffer's disease,40525155
Pfeiffer's disease,40376552
Phalen's sign,4051586
Phalen's sign,40327709
Phalen's sign,40305805
Phalen's test negative,4102731
Pharyngeal-cervical-brachial variant of Guillain-Barré syndrome,37204369
Pick's disease,436092
Picker's nodules,4146519
Pickwickian syndrome,40389159
Pickwickian syndrome,40631574
Pierre Robin sequence faciodigital anomaly syndrome,37109676
Pierson syndrome,37109670
Pilon fracture,4136841
Pilotto syndrome,36674968
Pinard's sign,4234969
Piringer's lymphadenitis,4212138
Piringer-Kuchinka's syndrome,40596545
Piringer-Kuchinka's syndrome,4210780
Piskacek's sign,4290080
Pitt Hopkins-like syndrome,36676719
Pitt-Hopkins syndrome,45765412
Piulachs-Hederich syndrome,4075756
Platelet defects: [qualitative] or [Bernard - Soulier thrombopathy],40390487
Platelet type pseudo-von Willebrand disease,40528246
Platelet type pseudo-von Willebrand disease,4155386
Plummer-Vinson syndrome,4198185
Pneumonia caused by Gram positive bacteria,37116366
Poisoning by anti-parkinsonism drug,441458
Poland anomaly,4244512
Poland syndrome,40401467
Poliosis in Vogt-Koyanagi-Harada syndrome,4296352
Porokeratosis of Mibelli,4213059
Porokeratosis of Mibelli,40396874
"Porokeratosis of Mibelli, linear unilateral type",4234566
"Porokeratosis of Mibelli, superficial disseminated type",4107209
Post-genitourinary infection Reiter's disease,4190651
Post-kala-azar dermal leishmaniasis,4285156
Potocki-Shaffer syndrome,45765414
Pott's curvature,4070658
Pott's fracture,4147765
Pott's puffy tumor,4048488
Potter's facies,4093814
Powassan virus non-neuroinvasive disease,4216883
Prader-Willi syndrome,441963
Prader-Willi-like syndrome,36674827
Pre-descemet's corneal dystrophy,4338880
"Pregestational diabetes mellitus AND/OR impaired glucose tolerance, modified White class A",4219466
Prieto Badia Mulas syndrome,36717698
Primary lobomycotic nodule,4084975
Prinzmetal angina,315830
Profichet's disease,40272732
Progeria syndrome,40493096
Progeria syndrome,40387701
Progeroid syndrome Petty type,36674738
Progressive myoclonic epilepsy (& [Unverricht - Lundborg disease]),40390511
Progressive supranuclear palsy parkinsonism syndrome,608033
Proteus like syndrome,37396887
Proteus syndrome,4047612
Proteus syndrome,40567660
Pseudo Meigs syndrome,37204475
Pseudo-Cushing's syndrome,4030207
Pseudoleprechaunism syndrome Patterson type,36675025
"Pulmonary valve agenesis, tetralogy of Fallot, absence of ductus arteriosus syndrome",35624311
Purtscher's retinopathy,4336003
Pusher syndrome,4093211
Putti's syndrome,4009038
Putti-Chavany syndrome,4181748
Pyle metaphyseal dysplasia,4101118
Quervain's fracture,4263321
Queyrat's erythroplasia,4163101
Queyrat's erythroplasia,40456792
Queyrat's erythroplasia,40456839
Queyrat's erythroplasia,40456793
RAPADILINO syndrome,45765466
RIDDLE syndrome,37204440
Rabson-Mendenhall syndrome,4140808
Raine dysplasia,4191498
Rambaud Gallian syndrome,37109997
Ramos Arroyo syndrome,37118960
Rapp-Hodgkin type of ectodermal dysplasia,40443930
Rasmussen syndrome,40389739
Rasmussen syndrome,4041672
Rathke's pouch cyst,4203940
Rauwolfia antihypertensive allergy,4169225
Raymond-Cestan syndrome,4195005
Raynaud's disease,314962
Raynaud's phenomenon,4143972
Raynaud's syndrome,40433038
Raynaud's syndrome,40393177
Raynaud's syndrome NOS,3535138
Raynaud's syndrome NOS,4112158
Reactive arthritis after yersinia infection,44811663
Reardon Hall Slaney syndrome,37395876
Recessive dystrophic epidermolysis bullosa non-Hallopeau Siemens type,37110883
Recurrent Neisseria infection due to factor D deficiency,37204366
Recurrent cutaneous leishmaniasis,4071111
Refetoff syndrome,4006466
Reifenstein syndrome,4242435
Reinke's edema,40395452
Reinke's edema,4051611
Reis-Bucklers' corneal dystrophy,4338879
Reiter's disease,40319652
"Renal glycinuria, Kaiser type",4032343
"Renal glycinuria, de Vries type",4312878
Renier Gabreels Jasper syndrome,37109697
Renon-Delille syndrome,4318394
Renpenning syndrome,44783569
Rett syndrome,40389264
Rett syndrome,4288480
Reverse Bankart lesion,4115858
Revesz syndrome,37117164
Reye's syndrome,375241
Reynolds syndrome,37399445
Rhizomelic dysplasia Patterson Lowry type,37395901
Rhizomelic syndrome Urbach type,36674951
Richards-Rundle syndrome,37399446
Richieri Costa-da Silva syndrome,37204317
Richter's femoral hernia,4342891
Richter's inguinal hernia,4342889
Richter's syndrome,4173956
Rickettsial endocarditis,4119954
Rickettsialpox,436035
Rickettsioses &/or arthropod diseases,40319634
Rickettsioses &/or arthropod diseases,40345084
Rickettsioses NOS,3536302
Rickettsioses NOS,4092696
Riddoch phenomenon,4232577
Riedel's lobe of liver,4033143
Riedel's thyroiditis,4228334
Rieger eye malformation sequence,40636779
Rieger syndrome,4171022
Riehl's melanosis,4085267
Riga-Fede disease,42709908
Riley-Shwachman syndrome,4175494
Riley-Smith syndrome,4317515
Rizzutti sign,4169290
Robert's pelvis,4318649
Robert's sign,4199588
Roberts-SC phocomelia syndrome,4169061
Robin sequence,4263588
Robin sequence and oligodactyly syndrome,36674828
Robinow syndrome,4297776
Robinow-like syndrome,36717511
Robinson nail dystrophy-deafness syndrome,4097391
Roch Leri mesosomatous lipomatosis,37396825
Rochalimaea infection,40443182
Roger's disease,4214375
Roifman syndrome,36676501
Rokitansky sequence,4338806
"Rolandic epilepsy, speech dyspraxia syndrome",35622873
Rolandic vein occlusion syndrome,4031946
Rolland-Debuqois syndrome,4317955
Romano-Ward syndrome,4049219
Romberg sign,4162564
Romberg test evokes stiff fall backward,4011640
Romberg's sign,40313610
Rombo syndrome,36716063
Rosai-Dorfman disease,4142173
Roselli-Gulienetti ectodermal dysplasia,4033063
Rosenbach's sign,4233834
Ross River disease,37311514
Ross syndrome,4048158
Roth spots,4318684
Rothmund-Thomson syndrome,4286355
Rothmund-Thomson syndrome,40401883
Rothmund-Thomson syndrome,40401891
Rotor syndrome,4139925
Roussy-Levy syndrome,4146484
Roussy-Lévy syndrome,4165215
Roux-en-Y pancreaticojejunostomy,40444241
Rovsing's sign,4260951
Rowley-Rosenberg syndrome,4207194
Royer's syndrome,4291790
Rozin Hertz Goodman syndrome,37396244
Rubinstein-Taybi syndrome,40322488
Rubinstein-Taybi syndrome,4166857
Rud's syndrome,4052869
Rupture of Baker's cyst - knee,4344610
Ruptured Descemet membrane due to birth trauma,4304587
Ruptured sinus of Valsalva,4058643
Russell's sign,36714188
Russell-Silver syndrome,4034695
Rutland ciliary disorientation syndrome,4051463
Ruvalcaba syndrome,4148958
Ruvalcaba-Myhre syndrome,40430397
Ruvalcaba-Myhre syndrome,4261777
Ruvalcaba-Myhre syndrome,40359921
Sabin-Feldman syndrome,40623156
Saethre-Chotzen syndrome,40560679
Saethre-Chotzen syndrome,40560657
Saethre-Chotzen syndrome,4305814
Saito Kuba Tsuruta syndrome,37396325
Salamon's syndrome,4033185
Saldino-Mainzer dysplasia,4111320
Salla disease,4314414
Salmonella infection,40268442
Salmonella infection,133685
Salmonella sepsis,3521429
Salmonella septicemia,134269
Salzmann nodular dystrophy,4192385
Salzmann's nodular degeneration of cornea of bilateral eyes,36713350
Sandhoff disease,4031489
Sandifer syndrome,4046097
Sandman-Andra syndrome,4033642
Sanfilippo syndrome,4227905
Sanger-Brown cerebellar ataxia,40390539
Sanger-Brown cerebellar ataxia,4243606
Sanjad Sakati syndrome,37162666
"Sarcoidosis, Darier-Roussy type",4072323
Satoyoshi syndrome,35622259
Schilbach Rott syndrome,36716061
Schilder's disease,376970
Schinzel phocomelia syndrome,37395912
Schinzel-Giedion syndrome,4077897
Schistosoma japonicum (& Katayama disease),40378624
Schistosoma mansoni infection,437797
Schistosoma mattheii (& [infection]),40378629
Schmidt's syndrome,40612311
Schmitt Gillenwater Kelly syndrome,37396323
Schmorl's nodes,80496
Schnitzler syndrome,4297647
Schnyder crystalline cornea dystrophy,4304093
Schoepf-Schulz-Passage syndrome,4082357
Schofer Beetz Bohl syndrome,37396398
Scholte syndrome,36717348
Schultz disease,4100228
Schwachman's syndrome,40431871
Schwachman's syndrome,40460679
Schwachmann-Diamond syndrome (disorder),40435223
Schwannoma,40384902
Schwannomatosis,36683644
Schwannomatosis,765903
Schwartz syndrome,4313436
Schwartz-Jampel syndrome,441280
Schweninger-Buzzi anetoderma,4007447
Schöpf-Schulz-Passarge syndrome,44784143
Scimitar syndrome,4218874
Scott syndrome,4027375
Scriver-Goldbloom-Roy syndrome,4178282
Seaver Cassidy syndrome,37396503
Seckel syndrome,4240091
Seemanova Lesny syndrome,37395870
Seidel scotoma,4085739
Selig-Benacerraf-Greene syndrome,37395709
Sellars Beighton syndrome,37396434
Senile dementia of the Lewy body type,4196433
Senter syndrome,4096310
Septicemia due to other Gram-negative organisms,4090694
Serratia infection,40383832
Sertoli cell tumor of testis,4082837
Sertoli-Leydig cell tumor of ovary,4112079
Severe X-linked intellectual disability Gustavson type,36716264
Sezary's disease,4041799
Sheehan's syndrome,4129531
Sheldon-Hall syndrome,37395691
Shepherd's fracture,4094536
Shone complex,43020504
Short rib polydactyly syndrome Saldino Noonan type,37111329
"Short rib-polydactyly syndrome, Majewski type",4249461
"Short stature, Pierre Robin sequence, cleft mandible, hand anomalies, clubfoot syndrome",37109993
"Short stature, wormian bones, dextrocardia syndrome",35622260
Shprintzen Goldberg omphalocele syndrome,37399509
Shprintzen syndrome,138539
Shprintzen syndrome,40401969
Shwachman syndrome,4232178
Shy-Drager syndrome,4041344
Shy-Gonatas syndrome,40609147
Sicca syndrome,40352977
Siccardi syndrome,4298013
Sickle cell-hemoglobin Lepore disease,4131126
Siedel's scotoma,4104376
Siewert type I adenocarcinoma,44792338
Simonart's band,4141314
Simpson-Golabi-Behmel syndrome,4230703
Simpson-Golabi-Behmel syndrome,3565903
Singleton-Merten syndrome,4113731
Sjögren's syndrome,254443
Sjögren-Larsson syndrome,4006297
Skene's gland adenitis,4240578
Skillern's fracture,4097991
Smith Fineman Myers syndrome,36714112
Smith McCort dysplasia,37396155
Smith's dislocation,4030094
Smith's fracture - open,4010376
Smith-Lemli-Opitz syndrome,4185410
Smith-Magenis syndrome,4270025
Smith-Magenis syndrome,3522582
Sneddon syndrome,37396805
Snyder-Robinson syndrome,45765468
Soemmerring's ring,441006
Somogyi phenomenon,4162239
Somogyi phenomenon,40438064
Sonoda syndrome,37396245
Sotos' syndrome,4328336
Spalding-Horner sign,4331605
Spastic paraplegia with Paget disease of bone syndrome,37111591
Spelters' fever,4050522
Spigelian hernia,4159513
Spigelian hernia,40392415
Spigelian hernia NOS,4057676
Spigelian hernia NOS,3537891
Spitz nevus with intraepidermal pagetoid spread,4291151
"Spondylodysplasia, Luton type",4113601
"Spondylodysplasia, Torrance type",4111308
Spondylodysplastic Ehlers-Danlos syndrome,37165254
Spondyloepimetaphyseal dysplasia Bieganski type,36676424
Spondyloepimetaphyseal dysplasia Genevieve type,36676426
Spondyloepimetaphyseal dysplasia Handigodu type,35622401
Spondyloepimetaphyseal dysplasia Isidor type,37204273
Spondyloepimetaphyseal dysplasia Shohat type,36714102
"Spondyloepimetaphyseal dysplasia, Strudwick type",45765417
Spondyloepiphyseal dysplasia Cantu type,36713802
Spondyloepiphyseal dysplasia Kimberley type,36714104
Spondyloepiphyseal dysplasia MacDermot type,36713800
Spondyloepiphyseal dysplasia tarda Kohn type,36714103
Spondylometaphyseal dysplasia - Kozlowski type,40460669
Spondylometaphyseal dysplasia - Sutcliffe type,4109971
Spondylometaphyseal dysplasia Czarny Ratajczak type,37204272
Spondylometaphyseal dysplasia Golden type,36676427
Spondylometaphyseal dysplasia Schmidt type,36714182
Sporadic Parkinson disease,37110499
Spurling sign,4024274
Stafne idiopathic bone cavity of mandible,4124522
Stahli's line,4239555
Stargardt's disease,4289290
Stargardt's disease,40384776
Stargardt's disease,40384778
Stauder's lethal catatonia,4285597
Steinberg thumb sign,4150676
Steinert myotonic dystrophy syndrome,79804
Steinfeld syndrome,37396425
Stemmer sign,3556873
Stemmer sign,40481933
Stern Lubinsky Durrie syndrome,37109746
Stevens Johnson syndrome AND toxic epidermal necrolysis overlap,46273453
Stevens-Johnson syndrome,141651
Stewart-Morel-Morgagni syndrome,36684082
Stewart-Treves syndrome,4269784
Stickler syndrome,4302891
Stieda's fracture,4219891
Still's disease,40288195
Stillman's gingival cleft,4193159
Stimmler syndrome,37116379
Stocker's line,4171882
Stokes-Adams attack,4154638
Stokes-Adams syndrome,40515640
Stokes-Adams syndrome,40323926
Stokes-Adams syndrome,4188347
Stokes-Adams-Morgagni syndrome,4029624
Stokvis' disease,4211545
Strachan's syndrome,4295421
Sturge-Weber syndrome,4057962
Sturge-Weber syndrome,40322486
Stuve-Wiedemann dysplasia,4113609
Subchronic disorganized schizophrenia,438724
Sudeck's atrophy,40321871
Sudek's atrophy,40579699
Summitt syndrome,37116729
Sutton's ulcer (vulval aphthosis),4295176
Symmer's pipe-stem fibrosis,4345477
Symptomatic form of muscular dystrophy of Duchenne and Becker in female carrier,35608124
Systemic lupus erythematosus/Sjogren's overlap syndrome,44814064
Sézary disease of skin,4116245
T3a (IIIA): Fallopian tube/ovarian tumor with microscopic peritoneal metastasis beyond pelvis,4241305
Taenzer's hair,4005129
Takayasu's disease,440740
Takayasu's disease,40591713
Tarnier's sign,4206022
Tay-Sachs disease,4009170
Teebi Shaltout syndrome,36675028
Temple Baraitser syndrome,37110772
Temple syndrome,36674509
Temtamy syndrome,36714637
Terrien's marginal degeneration of cornea,4101996
Terson's syndrome,4208209
Thakker Donnai syndrome,36676406
Thalamic syndrome,4339219
Thalassemia major: [NEC] or [Cooley's anemia],40390023
Thiel-Behnke corneal dystrophy,4213367
Thomas syndrome,37396800
Thomas test finding,4277665
Thomas' sign,4238703
Thong Douglas Ferrante syndrome,37399506
Thygeson superficial punctate keratitis,4166723
Tietze's disease,134461
Tillaux fracture,4134333
Timothy syndrome type 1,44783199
Tinel's sign,4050242
Tinel's sign,40327708
Tinel's sign,40305804
Tis (0): Carcinoma in situ (limited to fallopian tube mucosa),4240321
Todd's paresis,4282301
Tolosa-Hunt syndrome,4317989
Torg type osteolysis,4109194
Toriello Carey syndrome,36716462
Torré-Muir syndrome co-occurrent with benign sebaceous neoplasm,761036
Tourette's disorder,40561854
Townes syndrome,4090579
Townes-Brocks syndrome,44813743
Translocation Down syndrome,4159650
Trantas' dots,4080539
Treacher Collins syndrome,40402832
Treacher Collins syndrome,4304838
Trendelenburg sign,40462266
Trendelenburg sign,4057215
Trichosporon beigelii infection (piedra),4300336
Troyer syndrome,4047742
"Truncus arteriosus, Edwards' type IV",4006983
Tuftsin deficiency,4125809
Tumor of Waldeyer's ring,40462825
Tungland Bellman syndrome,37399510
Turcot syndrome,4266973
Turner syndrome,4307885
"Turner's phenotype, karyotype normal",4007091
Turner's syndrome NOS,4151884
Turner's syndrome NOS,3534921
Turner's tooth,4004244
Typhus group rickettsial disease,4080602
Tyzzer's disease,4338816
Uhl's disease,4154303
Uhthoff phenomenon,44811462
Ulbright Hodes syndrome,36714553
Ulcer of leg due to cutaneous leishmaniasis,4324768
Ulcer of small intestine due to Behcet syndrome,606428
Ullrich congenital muscular dystrophy,4344608
"Ullrich-Feichtiger syndrome, chimera",4118402
Unverricht-Lundborg syndrome,40436670
Unverricht-Lundborg syndrome,4044226
Upshaw-Schulman syndrome,4159966
Urine neisseria gonorrhoeae test negative,44792575
Urine neisseria gonorrhoeae test positive,44792574
Usher syndrome type 1,4339018
Valsalva retinopathy,4334244
Van Bogaert's sclerosing leukoencephalitis,4233538
Van Bucken's disease,4344146
Van den Bosch syndrome,37116407
Van den Ende-Gupta syndrome,36714557
Van der Woude syndrome,4195568
Vascular Ehlers-Danlos syndrome,4062070
Vein of Galen malformation,4215653
Veraguth's folds,4219925
Verbrycke's syndrome,4235125
Verloes Bourguignon syndrome,37396393
Verloove Vanhorick Brubakk syndrome,35622647
Verner-Morrison syndrome,4219872
Vici syndrome,36714540
Vincent's angina,26908
Vincent's angina NOS,3540942
Vincent's angina NOS,4148105
Vincent's disease,4254512
Vincent's infection,4080620
Vincent's laryngitis,4049240
Vincent's tonsillitis,4048190
Virchow's node,4220553
Virchow's node,40630092
Vitamin A deficiency with Bitot's spot and conjunctival xerosis,40387724
Vitamin B12 deficiency anemia: [dietary causes] or [Imerslund - Grasbeck syndrome] or [Imerslund's syndrome] or [Vegan's anemia],40389977
Vogt's limbal girdle,4080535
Vogt's striae,4214134
Vogt-Koyanagi syndrome,439810
Vogt-Koyanagi-Harada disease,40385207
Vogt-Koyanagi-Harada disease,4108968
Vogt-Koyanagi-Harada like syndrome,4317973
Volkmann contracture,441760
Volkmann contracture,40316659
Von Graefe's sign,40276819
Von Hippel-Lindau syndrome,4263213
Vossius' ring,4217520
Waardenburg Shah syndrome,37396221
Waardenburg syndrome,4170892
Waardenburg syndrome type 3,605213
Waardenburg syndrome type 3,4029099
Wagner syndrome,4339019
Wagner ulcer classification grade 3 foot ulcer,44811121
Wagstaffe's fracture,4145910
Waldenstrom's hypergammaglobulinemic purpura,4100838
Waldenström macroglobulinemia,4098597
Walker-Warburg congenital muscular dystrophy,4009773
Wallenberg syndrome,40392735
Warburg micro syndrome,36675714
Warburg syndrome,4237818
Warthin tumor of parotid gland,40364753
Warthin tumor of parotid gland,40387157
Warthin's tumor of parotid gland,40488895
Waterhouse-Friderichsen syndrome,40319563
Waterhouse-Friderichsen syndrome,434275
Watson's syndrome,40443575
Weaver syndrome,4268475
Weavers' cough,4245292
Weber's true diffuse phlebarteriectasis,4120808
Weber-Cockayne syndrome,4169027
Weber-Gubler syndrome,4086178
Wegener's granulomatosis,40565505
Wegener's granulomatosis,40438627
Wegener's syndrome,4343934
Weil's disease,4134875
Weill-Marchesani syndrome,4103383
Weismann Netter syndrome,37395919
Weissenbacher-Zweymuller syndrome,44783250
Wellesley Carman French syndrome,37396246
Werdnig-Hoffmann disease,372616
Werner syndrome,4197821
Wernicke encephalopathy,40387743
Wernicke's disease,4050977
Wernicke's dysphasia,4220999
Wernicke's dysphasia,40433501
Wernicke's hemianopic pupil,4081635
Wernicke-Korsakov syndrome,40391405
West syndrome,376105
West syndrome,40391055
West syndrome,40322364
West syndrome,40391056
Westphal disease,4080966
Westphal-Strumpell syndrome,4098598
Wet form of cutaneous leishmaniasis,4215115
Wharton's jelly excessive,4091193
Whipple's disease,197782
White Sutton syndrome,36675667
Whooley Depression Screen negative,37310779
Wickham striae,4083793
Wickham's striae in lichen planus,4031786
Wiedemann Steiner syndrome,35622250
Wildervanck syndrome,4197058
Wilderwanck's syndrome,4006441
Williams syndrome,4268609
Wilson's disease,4229262
Wilson's disease *,40385097
Wilson's pronator sign,4217342
Wilson's sign,4306125
Wilson-Mikity syndrome,4201423
Winer's dilated pore,4112751
Wischnewski spots,607946
Wiskott-Aldrich autosomal dominant variant syndrome,4300464
Wiskott-Aldrich syndrome,440982
Wissler-Fanconi syndrome,4238702
Witkop's syndrome,40443964
Woakes' ethmoiditis,4112365
Wofflin nodules,4292060
Wolcott-Rallison dysplasia,40438043
Wolcott-Rallison dysplasia,4111314
Wolf Hirschhorn syndrome,37397559
Wolff-Parkinson-White pattern,40454874
Wolff-Parkinson-White pattern,4253363
Wolffian cyst,40541834
Wolfram-like syndrome,37116960
Wollastonite pneumoconiosis,4119933
Wolman's disease,4221254
Woodhouse Sakati syndrome,37311329
Woolf's syndrome,4251765
Wormian bone of cranium,42538573
Worster - Drought syndrome,44791989
Worster Drought syndrome,37396501
Worth disease,4109187
Wright blood group,40302918
X-linked dominant chondrodysplasia Chassaing Lacombe type,36714551
"X-linked immunodeficiency with magnesium defect, Epstein-Barr virus infection and neoplasia",46273013
X-linked intellectual disability Abidi type,36713969
X-linked intellectual disability Brooks type,37111251
X-linked intellectual disability Cabezas type,36714529
X-linked intellectual disability Cantagrel type,36713967
X-linked intellectual disability Cilliers type,36713966
X-linked intellectual disability Miles Carpenter type,36713965
X-linked intellectual disability Nascimento type,37111667
X-linked intellectual disability Pai type,36713964
X-linked intellectual disability Schimke type,36713963
X-linked intellectual disability Seemanova type,36717679
X-linked intellectual disability Shrimpton type,36713900
X-linked intellectual disability Siderius type,36713902
X-linked intellectual disability Stevenson type,36713903
X-linked intellectual disability Stocco Dos Santos type,36713904
X-linked intellectual disability Stoll type,36713905
X-linked intellectual disability Turner type,36713906
X-linked intellectual disability Van Esch type,36713908
X-linked intellectual disability Wilson type,36717686
X-linked intellectual disability Zorick type,36713854
X-linked neurodegenerative syndrome Bertini type,36717676
X-linked neurodegenerative syndrome Hamel type,36713855
X-linked parkinsonism with spasticity syndrome,36674193
Yao syndrome,35625623
Yersinia enterocolitis,40382285
Yersiniosis,4308864
Yersiniosis,40442130
Young's syndrome,4051462
Yunis-Varon dysplasia,4190588
Zechi Ceide syndrome,36676430
Zellweger syndrome,4228533
Zellweger's-like syndrome,4079881
Zellweger-like syndrome without peroxisomal anomaly,36713880
Zenker's diverticulum,4160584
Zieve's syndrome,4195620
Zimmermann-Laband syndrome,44783365
Ziprkowski-Margolis syndrome,4298006
Zlotogora Ogur syndrome,37396437
Zollinger-Ellison syndrome,4200399
Zoon's balanitis,40565507
Zoon's balanitis,40396630
Zoonotic form of cutaneous leishmaniasis,4035179
[Chronic paranoid psychosis] or [Sander's disease],40385051
"[EDTA] IgA nephropathy (proven by immunofluorescence, excluding Henoch-Schonlein purpura) associated with renal failure",40353846
[Gardner's syndrome] or [adenomatous polyposis coli],40402437
"[M]Malignant lymphoma, nodular NOS (& [Brill - Symmers' disease])",40384953
"[M]Malignant lymphoma, nodular NOS (& [Brill - Symmers' disease])",3580942
[M]Waldenstrom's macroglobulinemia,40384977
[X] Childhood disintegrative disorder: [other] or [dementia infantalis (including disintegrative psychosis and Heller's syndrome and symbiotic psychosis)],3581235
[X] Childhood disintegrative disorder: [other] or [dementia infantalis (including disintegrative psychosis and Heller's syndrome and symbiotic psychosis)],40389265
"[X] Receptive language disorder (& [congenit auditory imperception] or [development dysphasia, receptive] or [development Wernicke's aphasia] or [word deafness] or [development aphasia, receptive])",3556577
"[X] Receptive language disorder (& [congenit auditory imperception] or [development dysphasia, receptive] or [development Wernicke's aphasia] or [word deafness] or [development aphasia, receptive])",40389245
"[X]Dementia in Alzheimer's dis, atypical or mixed type",44796123
"[X]Dementia in Alzheimer's dis, atypical or mixed type",40386881
[X]Dementia in Creutzfeldt-Jakob disease,44795735
[X]Dementia in Creutzfeldt-Jakob disease,40386894
[X]Lewy body dementia,44788771
[X]Other Vincent's infections,40379744
[X]Other Vincent's infections,44798429
[X]Other drug-induced secondary parkinsonism,44794717
[X]Other drug-induced secondary parkinsonism,40389338
"[X]Secondary parkinsonism, unspecified",44813467
"[X]Secondary parkinsonism, unspecified",3529186
"[X]Secondary parkinsonism, unspecified",40389348
"[X]Secondary parkinsonism, unspecified",40390169
de Barsy syndrome,4081220
de Quervain's disease,40288198
pT2c (IIC): Tumor involves one or both fallopian tubes with pelvic extension with malignant cells in ascites or peritoneal washings (TNM category and FIGO stage) (fallopian tube),4164163
"pT3c (IIIC): Tumor involves one or both fallopian tubes, with peritoneal metastasis outside the pelvis more than 2 cm in diameter (TNM category and FIGO stage) (fallopian tube)",4221386
pTis: Paget disease without invasive carcinoma (breast),4187869
von Frey's syndrome,40442946
von Hippel internal corneal ulcer,4170272
von Jaksch's anemia,4120449
von Willebrand disease,40272205
von Willebrand's disease,40321708